,Units,scenario,region,fuel,Year,value
0,EJ,"GCAM_SSP2,date=2022-3-12T23:02:47+06:015",Africa_Western,a oil,1990,0.719223
1,EJ,"GCAM_SSP2,date=2022-3-12T23:02:47+06:015",Africa_Western,a oil,2005,1.18855
2,EJ,"GCAM_SSP2,date=2022-3-12T23:02:47+06:015",Africa_Western,a oil,2010,1.3494
3,EJ,"GCAM_SSP2,date=2022-3-12T23:02:47+06:015",Africa_Western,a oil,2015,1.7949564
4,EJ,"GCAM_SSP2,date=2022-3-12T23:02:47+06:015",Africa_Western,a oil,2020,2.3003679
5,EJ,"GCAM_SSP2,date=2022-3-12T23:02:47+06:015",Africa_Western,a oil,2025,2.788699
6,EJ,"GCAM_SSP2,date=2022-3-12T23:02:47+06:015",Africa_Western,a oil,2030,3.3508430000000002
7,EJ,"GCAM_SSP2,date=2022-3-12T23:02:47+06:015",Africa_Western,a oil,2035,3.9820290000000003
8,EJ,"GCAM_SSP2,date=2022-3-12T23:02:47+06:015",Africa_Western,a oil,2040,4.766951
9,EJ,"GCAM_SSP2,date=2022-3-12T23:02:47+06:015",Africa_Western,a oil,2045,5.739235
10,EJ,"GCAM_SSP2,date=2022-3-12T23:02:47+06:015",Africa_Western,a oil,2050,7.04582
11,EJ,"GCAM_SSP2,date=2022-3-12T23:02:47+06:015",Africa_Western,a oil,2055,8.66089
12,EJ,"GCAM_SSP2,date=2022-3-12T23:02:47+06:015",Africa_Western,a oil,2060,10.57625
13,EJ,"GCAM_SSP2,date=2022-3-12T23:02:47+06:015",Africa_Western,a oil,2065,12.56375
14,EJ,"GCAM_SSP2,date=2022-3-12T23:02:47+06:015",Africa_Western,a oil,2070,14.514
15,EJ,"GCAM_SSP2,date=2022-3-12T23:02:47+06:015",Africa_Western,a oil,2075,16.28118
16,EJ,"GCAM_SSP2,date=2022-3-12T23:02:47+06:015",Africa_Western,a oil,2080,17.867150000000002
17,EJ,"GCAM_SSP2,date=2022-3-12T23:02:47+06:015",Africa_Western,a oil,2085,19.46049
18,EJ,"GCAM_SSP2,date=2022-3-12T23:02:47+06:015",Africa_Western,a oil,2090,21.08414
19,EJ,"GCAM_SSP2,date=2022-3-12T23:02:47+06:015",Africa_Western,a oil,2095,22.75972
20,EJ,"GCAM_SSP2,date=2022-3-12T23:02:47+06:015",Africa_Western,a oil,2100,24.52095
21,EJ,"GCAM_SSP2,date=2022-3-12T23:02:47+06:015",Africa_Western,b natural gas,1975,0.00539993
22,EJ,"GCAM_SSP2,date=2022-3-12T23:02:47+06:015",Africa_Western,b natural gas,1990,0.1407329
23,EJ,"GCAM_SSP2,date=2022-3-12T23:02:47+06:015",Africa_Western,b natural gas,2005,0.469809
24,EJ,"GCAM_SSP2,date=2022-3-12T23:02:47+06:015",Africa_Western,b natural gas,2010,0.50095
25,EJ,"GCAM_SSP2,date=2022-3-12T23:02:47+06:015",Africa_Western,b natural gas,2015,0.7914656720000001
26,EJ,"GCAM_SSP2,date=2022-3-12T23:02:47+06:015",Africa_Western,b natural gas,2020,1.2491324000000001
27,EJ,"GCAM_SSP2,date=2022-3-12T23:02:47+06:015",Africa_Western,b natural gas,2025,1.779406
28,EJ,"GCAM_SSP2,date=2022-3-12T23:02:47+06:015",Africa_Western,b natural gas,2030,2.660444
29,EJ,"GCAM_SSP2,date=2022-3-12T23:02:47+06:015",Africa_Western,b natural gas,2035,3.859497
30,EJ,"GCAM_SSP2,date=2022-3-12T23:02:47+06:015",Africa_Western,b natural gas,2040,5.48587
31,EJ,"GCAM_SSP2,date=2022-3-12T23:02:47+06:015",Africa_Western,b natural gas,2045,7.748380000000001
32,EJ,"GCAM_SSP2,date=2022-3-12T23:02:47+06:015",Africa_Western,b natural gas,2050,10.7148
33,EJ,"GCAM_SSP2,date=2022-3-12T23:02:47+06:015",Africa_Western,b natural gas,2055,14.151440000000001
34,EJ,"GCAM_SSP2,date=2022-3-12T23:02:47+06:015",Africa_Western,b natural gas,2060,18.15914
35,EJ,"GCAM_SSP2,date=2022-3-12T23:02:47+06:015",Africa_Western,b natural gas,2065,22.39988
36,EJ,"GCAM_SSP2,date=2022-3-12T23:02:47+06:015",Africa_Western,b natural gas,2070,26.796889999999998
37,EJ,"GCAM_SSP2,date=2022-3-12T23:02:47+06:015",Africa_Western,b natural gas,2075,31.13381
38,EJ,"GCAM_SSP2,date=2022-3-12T23:02:47+06:015",Africa_Western,b natural gas,2080,35.09336
39,EJ,"GCAM_SSP2,date=2022-3-12T23:02:47+06:015",Africa_Western,b natural gas,2085,38.529799999999994
40,EJ,"GCAM_SSP2,date=2022-3-12T23:02:47+06:015",Africa_Western,b natural gas,2090,41.2484
41,EJ,"GCAM_SSP2,date=2022-3-12T23:02:47+06:015",Africa_Western,b natural gas,2095,42.945
42,EJ,"GCAM_SSP2,date=2022-3-12T23:02:47+06:015",Africa_Western,b natural gas,2100,44.078500000000005
43,EJ,"GCAM_SSP2,date=2022-3-12T23:02:47+06:015",Africa_Western,c coal,1975,0.01440949
44,EJ,"GCAM_SSP2,date=2022-3-12T23:02:47+06:015",Africa_Western,c coal,1990,0.0184709
45,EJ,"GCAM_SSP2,date=2022-3-12T23:02:47+06:015",Africa_Western,c coal,2005,0.02041141
46,EJ,"GCAM_SSP2,date=2022-3-12T23:02:47+06:015",Africa_Western,c coal,2010,0.02872887
47,EJ,"GCAM_SSP2,date=2022-3-12T23:02:47+06:015",Africa_Western,c coal,2015,0.03399122
48,EJ,"GCAM_SSP2,date=2022-3-12T23:02:47+06:015",Africa_Western,c coal,2020,0.05483583
49,EJ,"GCAM_SSP2,date=2022-3-12T23:02:47+06:015",Africa_Western,c coal,2025,0.0870725
50,EJ,"GCAM_SSP2,date=2022-3-12T23:02:47+06:015",Africa_Western,c coal,2030,0.1385913
51,EJ,"GCAM_SSP2,date=2022-3-12T23:02:47+06:015",Africa_Western,c coal,2035,0.2162563
52,EJ,"GCAM_SSP2,date=2022-3-12T23:02:47+06:015",Africa_Western,c coal,2040,0.3474737
53,EJ,"GCAM_SSP2,date=2022-3-12T23:02:47+06:015",Africa_Western,c coal,2045,0.5538689000000001
54,EJ,"GCAM_SSP2,date=2022-3-12T23:02:47+06:015",Africa_Western,c coal,2050,0.8774814
55,EJ,"GCAM_SSP2,date=2022-3-12T23:02:47+06:015",Africa_Western,c coal,2055,1.3524333000000002
56,EJ,"GCAM_SSP2,date=2022-3-12T23:02:47+06:015",Africa_Western,c coal,2060,1.9600316
57,EJ,"GCAM_SSP2,date=2022-3-12T23:02:47+06:015",Africa_Western,c coal,2065,2.7296141
58,EJ,"GCAM_SSP2,date=2022-3-12T23:02:47+06:015",Africa_Western,c coal,2070,3.668957
59,EJ,"GCAM_SSP2,date=2022-3-12T23:02:47+06:015",Africa_Western,c coal,2075,4.753171
60,EJ,"GCAM_SSP2,date=2022-3-12T23:02:47+06:015",Africa_Western,c coal,2080,6.047437
61,EJ,"GCAM_SSP2,date=2022-3-12T23:02:47+06:015",Africa_Western,c coal,2085,7.520354
62,EJ,"GCAM_SSP2,date=2022-3-12T23:02:47+06:015",Africa_Western,c coal,2090,9.094613
63,EJ,"GCAM_SSP2,date=2022-3-12T23:02:47+06:015",Africa_Western,c coal,2095,10.822347
64,EJ,"GCAM_SSP2,date=2022-3-12T23:02:47+06:015",Africa_Western,c coal,2100,12.521871
65,EJ,"GCAM_SSP2,date=2022-3-12T23:02:47+06:015",Africa_Western,d biomass,1975,0.250324
66,EJ,"GCAM_SSP2,date=2022-3-12T23:02:47+06:015",Africa_Western,d biomass,1990,0.628893
67,EJ,"GCAM_SSP2,date=2022-3-12T23:02:47+06:015",Africa_Western,d biomass,2005,1.29602
68,EJ,"GCAM_SSP2,date=2022-3-12T23:02:47+06:015",Africa_Western,d biomass,2010,1.68403
69,EJ,"GCAM_SSP2,date=2022-3-12T23:02:47+06:015",Africa_Western,d biomass,2015,2.30001
70,EJ,"GCAM_SSP2,date=2022-3-12T23:02:47+06:015",Africa_Western,d biomass,2020,3.1297156499999996
71,EJ,"GCAM_SSP2,date=2022-3-12T23:02:47+06:015",Africa_Western,d biomass,2025,5.322483451999999
72,EJ,"GCAM_SSP2,date=2022-3-12T23:02:47+06:015",Africa_Western,d biomass,2030,7.559483124
73,EJ,"GCAM_SSP2,date=2022-3-12T23:02:47+06:015",Africa_Western,d biomass,2035,10.085933497
74,EJ,"GCAM_SSP2,date=2022-3-12T23:02:47+06:015",Africa_Western,d biomass,2040,12.798558676999999
75,EJ,"GCAM_SSP2,date=2022-3-12T23:02:47+06:015",Africa_Western,d biomass,2045,15.578243123000002
76,EJ,"GCAM_SSP2,date=2022-3-12T23:02:47+06:015",Africa_Western,d biomass,2050,17.713236451
77,EJ,"GCAM_SSP2,date=2022-3-12T23:02:47+06:015",Africa_Western,d biomass,2055,19.702331378100002
78,EJ,"GCAM_SSP2,date=2022-3-12T23:02:47+06:015",Africa_Western,d biomass,2060,21.453864703400004
79,EJ,"GCAM_SSP2,date=2022-3-12T23:02:47+06:015",Africa_Western,d biomass,2065,22.899096792300004
80,EJ,"GCAM_SSP2,date=2022-3-12T23:02:47+06:015",Africa_Western,d biomass,2070,24.1426060364
81,EJ,"GCAM_SSP2,date=2022-3-12T23:02:47+06:015",Africa_Western,d biomass,2075,25.145633483300003
82,EJ,"GCAM_SSP2,date=2022-3-12T23:02:47+06:015",Africa_Western,d biomass,2080,25.925983031
83,EJ,"GCAM_SSP2,date=2022-3-12T23:02:47+06:015",Africa_Western,d biomass,2085,26.588478948999995
84,EJ,"GCAM_SSP2,date=2022-3-12T23:02:47+06:015",Africa_Western,d biomass,2090,27.131824921000003
85,EJ,"GCAM_SSP2,date=2022-3-12T23:02:47+06:015",Africa_Western,d biomass,2095,27.669418941
86,EJ,"GCAM_SSP2,date=2022-3-12T23:02:47+06:015",Africa_Western,d biomass,2100,28.38269516599999
87,EJ,"GCAM_SSP2,date=2022-3-12T23:02:47+06:015",Africa_Western,e nuclear,2020,0.0011777741064984998
88,EJ,"GCAM_SSP2,date=2022-3-12T23:02:47+06:015",Africa_Western,e nuclear,2025,0.010012396254887099
89,EJ,"GCAM_SSP2,date=2022-3-12T23:02:47+06:015",Africa_Western,e nuclear,2030,0.036995538193935
90,EJ,"GCAM_SSP2,date=2022-3-12T23:02:47+06:015",Africa_Western,e nuclear,2035,0.0887091712678998
91,EJ,"GCAM_SSP2,date=2022-3-12T23:02:47+06:015",Africa_Western,e nuclear,2040,0.1723170507984495
92,EJ,"GCAM_SSP2,date=2022-3-12T23:02:47+06:015",Africa_Western,e nuclear,2045,0.29880572789707466
93,EJ,"GCAM_SSP2,date=2022-3-12T23:02:47+06:015",Africa_Western,e nuclear,2050,0.48938056926772927
94,EJ,"GCAM_SSP2,date=2022-3-12T23:02:47+06:015",Africa_Western,e nuclear,2055,0.7314820286382424
95,EJ,"GCAM_SSP2,date=2022-3-12T23:02:47+06:015",Africa_Western,e nuclear,2060,1.0254879392675753
96,EJ,"GCAM_SSP2,date=2022-3-12T23:02:47+06:015",Africa_Western,e nuclear,2065,1.3738867876514185
97,EJ,"GCAM_SSP2,date=2022-3-12T23:02:47+06:015",Africa_Western,e nuclear,2070,1.777175692891243
98,EJ,"GCAM_SSP2,date=2022-3-12T23:02:47+06:015",Africa_Western,e nuclear,2075,2.226658774760785
99,EJ,"GCAM_SSP2,date=2022-3-12T23:02:47+06:015",Africa_Western,e nuclear,2080,2.7117788957211766
100,EJ,"GCAM_SSP2,date=2022-3-12T23:02:47+06:015",Africa_Western,e nuclear,2085,3.220718495770447
101,EJ,"GCAM_SSP2,date=2022-3-12T23:02:47+06:015",Africa_Western,e nuclear,2090,3.7351713199329675
102,EJ,"GCAM_SSP2,date=2022-3-12T23:02:47+06:015",Africa_Western,e nuclear,2095,4.246557473115846
103,EJ,"GCAM_SSP2,date=2022-3-12T23:02:47+06:015",Africa_Western,e nuclear,2100,4.750815708277866
104,EJ,"GCAM_SSP2,date=2022-3-12T23:02:47+06:015",Africa_Western,f hydro,1990,0.2384720902889317
105,EJ,"GCAM_SSP2,date=2022-3-12T23:02:47+06:015",Africa_Western,f hydro,2005,0.2920156807185129
106,EJ,"GCAM_SSP2,date=2022-3-12T23:02:47+06:015",Africa_Western,f hydro,2010,0.3229990262360442
107,EJ,"GCAM_SSP2,date=2022-3-12T23:02:47+06:015",Africa_Western,f hydro,2015,0.3035338307381545
108,EJ,"GCAM_SSP2,date=2022-3-12T23:02:47+06:015",Africa_Western,f hydro,2020,0.3877254710844648
109,EJ,"GCAM_SSP2,date=2022-3-12T23:02:47+06:015",Africa_Western,f hydro,2025,0.4650988449427009
110,EJ,"GCAM_SSP2,date=2022-3-12T23:02:47+06:015",Africa_Western,f hydro,2030,0.522562646798219
111,EJ,"GCAM_SSP2,date=2022-3-12T23:02:47+06:015",Africa_Western,f hydro,2035,0.57493861007711
112,EJ,"GCAM_SSP2,date=2022-3-12T23:02:47+06:015",Africa_Western,f hydro,2040,0.6257538385871174
113,EJ,"GCAM_SSP2,date=2022-3-12T23:02:47+06:015",Africa_Western,f hydro,2045,0.6785073049398072
114,EJ,"GCAM_SSP2,date=2022-3-12T23:02:47+06:015",Africa_Western,f hydro,2050,0.7329873160300925
115,EJ,"GCAM_SSP2,date=2022-3-12T23:02:47+06:015",Africa_Western,f hydro,2055,0.7904642678915705
116,EJ,"GCAM_SSP2,date=2022-3-12T23:02:47+06:015",Africa_Western,f hydro,2060,0.8494707132874673
117,EJ,"GCAM_SSP2,date=2022-3-12T23:02:47+06:015",Africa_Western,f hydro,2065,0.9086083920928636
118,EJ,"GCAM_SSP2,date=2022-3-12T23:02:47+06:015",Africa_Western,f hydro,2070,0.9699677986505788
119,EJ,"GCAM_SSP2,date=2022-3-12T23:02:47+06:015",Africa_Western,f hydro,2075,1.0315436993128697
120,EJ,"GCAM_SSP2,date=2022-3-12T23:02:47+06:015",Africa_Western,f hydro,2080,1.0940100413608929
121,EJ,"GCAM_SSP2,date=2022-3-12T23:02:47+06:015",Africa_Western,f hydro,2085,1.1574909735377183
122,EJ,"GCAM_SSP2,date=2022-3-12T23:02:47+06:015",Africa_Western,f hydro,2090,1.221856253907688
123,EJ,"GCAM_SSP2,date=2022-3-12T23:02:47+06:015",Africa_Western,f hydro,2095,1.2872351098219197
124,EJ,"GCAM_SSP2,date=2022-3-12T23:02:47+06:015",Africa_Western,f hydro,2100,1.353604485533617
125,EJ,"GCAM_SSP2,date=2022-3-12T23:02:47+06:015",Africa_Western,g wind,2005,2.4166370517e-05
126,EJ,"GCAM_SSP2,date=2022-3-12T23:02:47+06:015",Africa_Western,g wind,2010,8.10957532764e-05
127,EJ,"GCAM_SSP2,date=2022-3-12T23:02:47+06:015",Africa_Western,g wind,2015,0.0007315571334548
128,EJ,"GCAM_SSP2,date=2022-3-12T23:02:47+06:015",Africa_Western,g wind,2020,0.0259086002056407
129,EJ,"GCAM_SSP2,date=2022-3-12T23:02:47+06:015",Africa_Western,g wind,2025,0.0810823708899601
130,EJ,"GCAM_SSP2,date=2022-3-12T23:02:47+06:015",Africa_Western,g wind,2030,0.2192226130727574
131,EJ,"GCAM_SSP2,date=2022-3-12T23:02:47+06:015",Africa_Western,g wind,2035,0.4588176608491148
132,EJ,"GCAM_SSP2,date=2022-3-12T23:02:47+06:015",Africa_Western,g wind,2040,0.8633047305601651
133,EJ,"GCAM_SSP2,date=2022-3-12T23:02:47+06:015",Africa_Western,g wind,2045,1.4768516829431433
134,EJ,"GCAM_SSP2,date=2022-3-12T23:02:47+06:015",Africa_Western,g wind,2050,2.3478011574187767
135,EJ,"GCAM_SSP2,date=2022-3-12T23:02:47+06:015",Africa_Western,g wind,2055,3.4890709358185106
136,EJ,"GCAM_SSP2,date=2022-3-12T23:02:47+06:015",Africa_Western,g wind,2060,4.881863185574671
137,EJ,"GCAM_SSP2,date=2022-3-12T23:02:47+06:015",Africa_Western,g wind,2065,6.505514636046203
138,EJ,"GCAM_SSP2,date=2022-3-12T23:02:47+06:015",Africa_Western,g wind,2070,8.330768381624825
139,EJ,"GCAM_SSP2,date=2022-3-12T23:02:47+06:015",Africa_Western,g wind,2075,10.280974882026664
140,EJ,"GCAM_SSP2,date=2022-3-12T23:02:47+06:015",Africa_Western,g wind,2080,12.293169599356323
141,EJ,"GCAM_SSP2,date=2022-3-12T23:02:47+06:015",Africa_Western,g wind,2085,14.301119024770111
142,EJ,"GCAM_SSP2,date=2022-3-12T23:02:47+06:015",Africa_Western,g wind,2090,16.189742624987936
143,EJ,"GCAM_SSP2,date=2022-3-12T23:02:47+06:015",Africa_Western,g wind,2095,17.922388993942697
144,EJ,"GCAM_SSP2,date=2022-3-12T23:02:47+06:015",Africa_Western,g wind,2100,19.51957905977014
145,EJ,"GCAM_SSP2,date=2022-3-12T23:02:47+06:015",Africa_Western,h solar,2005,5.23604694535e-05
146,EJ,"GCAM_SSP2,date=2022-3-12T23:02:47+06:015",Africa_Western,h solar,2010,0.0004289313817712
147,EJ,"GCAM_SSP2,date=2022-3-12T23:02:47+06:015",Africa_Western,h solar,2015,0.006141960296313
148,EJ,"GCAM_SSP2,date=2022-3-12T23:02:47+06:015",Africa_Western,h solar,2020,0.07106373234868284
149,EJ,"GCAM_SSP2,date=2022-3-12T23:02:47+06:015",Africa_Western,h solar,2025,0.24373730198432633
150,EJ,"GCAM_SSP2,date=2022-3-12T23:02:47+06:015",Africa_Western,h solar,2030,0.5002946266038025
151,EJ,"GCAM_SSP2,date=2022-3-12T23:02:47+06:015",Africa_Western,h solar,2035,0.881610180832982
152,EJ,"GCAM_SSP2,date=2022-3-12T23:02:47+06:015",Africa_Western,h solar,2040,1.4556715532071602
153,EJ,"GCAM_SSP2,date=2022-3-12T23:02:47+06:015",Africa_Western,h solar,2045,2.2711109663239295
154,EJ,"GCAM_SSP2,date=2022-3-12T23:02:47+06:015",Africa_Western,h solar,2050,3.4262333637854163
155,EJ,"GCAM_SSP2,date=2022-3-12T23:02:47+06:015",Africa_Western,h solar,2055,4.916745897094869
156,EJ,"GCAM_SSP2,date=2022-3-12T23:02:47+06:015",Africa_Western,h solar,2060,6.713057442542039
157,EJ,"GCAM_SSP2,date=2022-3-12T23:02:47+06:015",Africa_Western,h solar,2065,8.814402937229604
158,EJ,"GCAM_SSP2,date=2022-3-12T23:02:47+06:015",Africa_Western,h solar,2070,11.034050783753178
159,EJ,"GCAM_SSP2,date=2022-3-12T23:02:47+06:015",Africa_Western,h solar,2075,13.352757588518955
160,EJ,"GCAM_SSP2,date=2022-3-12T23:02:47+06:015",Africa_Western,h solar,2080,15.688712643600782
161,EJ,"GCAM_SSP2,date=2022-3-12T23:02:47+06:015",Africa_Western,h solar,2085,17.958838173998856
162,EJ,"GCAM_SSP2,date=2022-3-12T23:02:47+06:015",Africa_Western,h solar,2090,20.13244010516776
163,EJ,"GCAM_SSP2,date=2022-3-12T23:02:47+06:015",Africa_Western,h solar,2095,22.168644871901666
164,EJ,"GCAM_SSP2,date=2022-3-12T23:02:47+06:015",Africa_Western,h solar,2100,24.100412115032437
165,EJ,"GCAM_SSP2,date=2022-3-12T23:02:47+06:015",Africa_Western,i geothermal,2020,0.0122620695557553
166,EJ,"GCAM_SSP2,date=2022-3-12T23:02:47+06:015",Africa_Western,i geothermal,2025,0.0353487728379778
167,EJ,"GCAM_SSP2,date=2022-3-12T23:02:47+06:015",Africa_Western,i geothermal,2030,0.0799333178730859
168,EJ,"GCAM_SSP2,date=2022-3-12T23:02:47+06:015",Africa_Western,i geothermal,2035,0.1351631699934476
169,EJ,"GCAM_SSP2,date=2022-3-12T23:02:47+06:015",Africa_Western,i geothermal,2040,0.19798299557773227
170,EJ,"GCAM_SSP2,date=2022-3-12T23:02:47+06:015",Africa_Western,i geothermal,2045,0.25537342092407017
171,EJ,"GCAM_SSP2,date=2022-3-12T23:02:47+06:015",Africa_Western,i geothermal,2050,0.24879708385030697
172,EJ,"GCAM_SSP2,date=2022-3-12T23:02:47+06:015",Africa_Western,i geothermal,2055,0.24326808937132602
173,EJ,"GCAM_SSP2,date=2022-3-12T23:02:47+06:015",Africa_Western,i geothermal,2060,0.23909228087398438
174,EJ,"GCAM_SSP2,date=2022-3-12T23:02:47+06:015",Africa_Western,i geothermal,2065,0.235613829242795
175,EJ,"GCAM_SSP2,date=2022-3-12T23:02:47+06:015",Africa_Western,i geothermal,2070,0.23318408480340613
176,EJ,"GCAM_SSP2,date=2022-3-12T23:02:47+06:015",Africa_Western,i geothermal,2075,0.2311359711123331
177,EJ,"GCAM_SSP2,date=2022-3-12T23:02:47+06:015",Africa_Western,i geothermal,2080,0.22954479618075638
178,EJ,"GCAM_SSP2,date=2022-3-12T23:02:47+06:015",Africa_Western,i geothermal,2085,0.2283458795517954
179,EJ,"GCAM_SSP2,date=2022-3-12T23:02:47+06:015",Africa_Western,i geothermal,2090,0.2274497792132957
180,EJ,"GCAM_SSP2,date=2022-3-12T23:02:47+06:015",Africa_Western,i geothermal,2095,0.22683061520898978
181,EJ,"GCAM_SSP2,date=2022-3-12T23:02:47+06:015",Africa_Western,i geothermal,2100,0.2264340166745308
182,EJ,"GCAM_SSP2,date=2022-3-12T23:02:47+06:015",Africa_Western,j traditional biomass,1990,3.25790946
183,EJ,"GCAM_SSP2,date=2022-3-12T23:02:47+06:015",Africa_Western,j traditional biomass,2005,4.709754
184,EJ,"GCAM_SSP2,date=2022-3-12T23:02:47+06:015",Africa_Western,j traditional biomass,2010,5.271527000000001
185,EJ,"GCAM_SSP2,date=2022-3-12T23:02:47+06:015",Africa_Western,j traditional biomass,2015,5.865266200000001
186,EJ,"GCAM_SSP2,date=2022-3-12T23:02:47+06:015",Africa_Western,j traditional biomass,2020,6.4129021999999996
187,EJ,"GCAM_SSP2,date=2022-3-12T23:02:47+06:015",Africa_Western,j traditional biomass,2025,6.450065599999999
188,EJ,"GCAM_SSP2,date=2022-3-12T23:02:47+06:015",Africa_Western,j traditional biomass,2030,6.6423231000000005
189,EJ,"GCAM_SSP2,date=2022-3-12T23:02:47+06:015",Africa_Western,j traditional biomass,2035,6.7773143000000005
190,EJ,"GCAM_SSP2,date=2022-3-12T23:02:47+06:015",Africa_Western,j traditional biomass,2040,6.8916053
191,EJ,"GCAM_SSP2,date=2022-3-12T23:02:47+06:015",Africa_Western,j traditional biomass,2045,6.9258299
192,EJ,"GCAM_SSP2,date=2022-3-12T23:02:47+06:015",Africa_Western,j traditional biomass,2050,6.9354949999999995
193,EJ,"GCAM_SSP2,date=2022-3-12T23:02:47+06:015",Africa_Western,j traditional biomass,2055,6.838369200000001
194,EJ,"GCAM_SSP2,date=2022-3-12T23:02:47+06:015",Africa_Western,j traditional biomass,2060,6.627691899999999
195,EJ,"GCAM_SSP2,date=2022-3-12T23:02:47+06:015",Africa_Western,j traditional biomass,2065,6.3564777
196,EJ,"GCAM_SSP2,date=2022-3-12T23:02:47+06:015",Africa_Western,j traditional biomass,2070,6.0372181
197,EJ,"GCAM_SSP2,date=2022-3-12T23:02:47+06:015",Africa_Western,j traditional biomass,2075,5.4101128
198,EJ,"GCAM_SSP2,date=2022-3-12T23:02:47+06:015",Africa_Western,j traditional biomass,2080,4.5538146
199,EJ,"GCAM_SSP2,date=2022-3-12T23:02:47+06:015",Africa_Western,j traditional biomass,2085,3.7658091000000002
200,EJ,"GCAM_SSP2,date=2022-3-12T23:02:47+06:015",Africa_Western,j traditional biomass,2090,3.0667694
201,EJ,"GCAM_SSP2,date=2022-3-12T23:02:47+06:015",Africa_Western,j traditional biomass,2095,2.4805508
202,EJ,"GCAM_SSP2,date=2022-3-12T23:02:47+06:015",Africa_Western,j traditional biomass,2100,2.0227056
203,EJ,"GCAM_SSP2,date=2022-3-12T23:02:47+06:015",Brazil,a oil,1990,2.5260800000000003
204,EJ,"GCAM_SSP2,date=2022-3-12T23:02:47+06:015",Brazil,a oil,2005,3.9385959999999995
205,EJ,"GCAM_SSP2,date=2022-3-12T23:02:47+06:015",Brazil,a oil,2010,4.66383
206,EJ,"GCAM_SSP2,date=2022-3-12T23:02:47+06:015",Brazil,a oil,2015,5.190996
207,EJ,"GCAM_SSP2,date=2022-3-12T23:02:47+06:015",Brazil,a oil,2020,5.36907
208,EJ,"GCAM_SSP2,date=2022-3-12T23:02:47+06:015",Brazil,a oil,2025,5.4287790000000005
209,EJ,"GCAM_SSP2,date=2022-3-12T23:02:47+06:015",Brazil,a oil,2030,5.323357
210,EJ,"GCAM_SSP2,date=2022-3-12T23:02:47+06:015",Brazil,a oil,2035,5.1950899999999995
211,EJ,"GCAM_SSP2,date=2022-3-12T23:02:47+06:015",Brazil,a oil,2040,4.907640000000001
212,EJ,"GCAM_SSP2,date=2022-3-12T23:02:47+06:015",Brazil,a oil,2045,4.45732
213,EJ,"GCAM_SSP2,date=2022-3-12T23:02:47+06:015",Brazil,a oil,2050,3.99801
214,EJ,"GCAM_SSP2,date=2022-3-12T23:02:47+06:015",Brazil,a oil,2055,3.79887
215,EJ,"GCAM_SSP2,date=2022-3-12T23:02:47+06:015",Brazil,a oil,2060,3.8099100000000004
216,EJ,"GCAM_SSP2,date=2022-3-12T23:02:47+06:015",Brazil,a oil,2065,3.8874700000000004
217,EJ,"GCAM_SSP2,date=2022-3-12T23:02:47+06:015",Brazil,a oil,2070,4.086180000000001
218,EJ,"GCAM_SSP2,date=2022-3-12T23:02:47+06:015",Brazil,a oil,2075,4.32495
219,EJ,"GCAM_SSP2,date=2022-3-12T23:02:47+06:015",Brazil,a oil,2080,4.5956600000000005
220,EJ,"GCAM_SSP2,date=2022-3-12T23:02:47+06:015",Brazil,a oil,2085,4.84877
221,EJ,"GCAM_SSP2,date=2022-3-12T23:02:47+06:015",Brazil,a oil,2090,5.07501
222,EJ,"GCAM_SSP2,date=2022-3-12T23:02:47+06:015",Brazil,a oil,2095,5.2824599999999995
223,EJ,"GCAM_SSP2,date=2022-3-12T23:02:47+06:015",Brazil,a oil,2100,5.47464
224,EJ,"GCAM_SSP2,date=2022-3-12T23:02:47+06:015",Brazil,b natural gas,1975,0.01090587
225,EJ,"GCAM_SSP2,date=2022-3-12T23:02:47+06:015",Brazil,b natural gas,1990,0.13483
226,EJ,"GCAM_SSP2,date=2022-3-12T23:02:47+06:015",Brazil,b natural gas,2005,0.7199949999999999
227,EJ,"GCAM_SSP2,date=2022-3-12T23:02:47+06:015",Brazil,b natural gas,2010,0.9905189999999999
228,EJ,"GCAM_SSP2,date=2022-3-12T23:02:47+06:015",Brazil,b natural gas,2015,1.4921639999999998
229,EJ,"GCAM_SSP2,date=2022-3-12T23:02:47+06:015",Brazil,b natural gas,2020,2.208436
230,EJ,"GCAM_SSP2,date=2022-3-12T23:02:47+06:015",Brazil,b natural gas,2025,2.829648
231,EJ,"GCAM_SSP2,date=2022-3-12T23:02:47+06:015",Brazil,b natural gas,2030,3.491854
232,EJ,"GCAM_SSP2,date=2022-3-12T23:02:47+06:015",Brazil,b natural gas,2035,4.158196
233,EJ,"GCAM_SSP2,date=2022-3-12T23:02:47+06:015",Brazil,b natural gas,2040,4.78533
234,EJ,"GCAM_SSP2,date=2022-3-12T23:02:47+06:015",Brazil,b natural gas,2045,5.375348
235,EJ,"GCAM_SSP2,date=2022-3-12T23:02:47+06:015",Brazil,b natural gas,2050,5.830061000000001
236,EJ,"GCAM_SSP2,date=2022-3-12T23:02:47+06:015",Brazil,b natural gas,2055,6.216718
237,EJ,"GCAM_SSP2,date=2022-3-12T23:02:47+06:015",Brazil,b natural gas,2060,6.588995000000001
238,EJ,"GCAM_SSP2,date=2022-3-12T23:02:47+06:015",Brazil,b natural gas,2065,6.600402
239,EJ,"GCAM_SSP2,date=2022-3-12T23:02:47+06:015",Brazil,b natural gas,2070,6.556839
240,EJ,"GCAM_SSP2,date=2022-3-12T23:02:47+06:015",Brazil,b natural gas,2075,6.436365
241,EJ,"GCAM_SSP2,date=2022-3-12T23:02:47+06:015",Brazil,b natural gas,2080,6.213221
242,EJ,"GCAM_SSP2,date=2022-3-12T23:02:47+06:015",Brazil,b natural gas,2085,5.921632000000001
243,EJ,"GCAM_SSP2,date=2022-3-12T23:02:47+06:015",Brazil,b natural gas,2090,5.6247679999999995
244,EJ,"GCAM_SSP2,date=2022-3-12T23:02:47+06:015",Brazil,b natural gas,2095,5.329517
245,EJ,"GCAM_SSP2,date=2022-3-12T23:02:47+06:015",Brazil,b natural gas,2100,5.056774
246,EJ,"GCAM_SSP2,date=2022-3-12T23:02:47+06:015",Brazil,c coal,1975,0.11214350000000001
247,EJ,"GCAM_SSP2,date=2022-3-12T23:02:47+06:015",Brazil,c coal,1990,0.40673929999999997
248,EJ,"GCAM_SSP2,date=2022-3-12T23:02:47+06:015",Brazil,c coal,2005,0.542768
249,EJ,"GCAM_SSP2,date=2022-3-12T23:02:47+06:015",Brazil,c coal,2010,0.6058961
250,EJ,"GCAM_SSP2,date=2022-3-12T23:02:47+06:015",Brazil,c coal,2015,0.7393190000000001
251,EJ,"GCAM_SSP2,date=2022-3-12T23:02:47+06:015",Brazil,c coal,2020,1.0582610000000001
252,EJ,"GCAM_SSP2,date=2022-3-12T23:02:47+06:015",Brazil,c coal,2025,1.248185
253,EJ,"GCAM_SSP2,date=2022-3-12T23:02:47+06:015",Brazil,c coal,2030,1.398992
254,EJ,"GCAM_SSP2,date=2022-3-12T23:02:47+06:015",Brazil,c coal,2035,1.522798
255,EJ,"GCAM_SSP2,date=2022-3-12T23:02:47+06:015",Brazil,c coal,2040,1.657141
256,EJ,"GCAM_SSP2,date=2022-3-12T23:02:47+06:015",Brazil,c coal,2045,1.811118
257,EJ,"GCAM_SSP2,date=2022-3-12T23:02:47+06:015",Brazil,c coal,2050,1.977225
258,EJ,"GCAM_SSP2,date=2022-3-12T23:02:47+06:015",Brazil,c coal,2055,2.1310070000000003
259,EJ,"GCAM_SSP2,date=2022-3-12T23:02:47+06:015",Brazil,c coal,2060,2.2616359999999998
260,EJ,"GCAM_SSP2,date=2022-3-12T23:02:47+06:015",Brazil,c coal,2065,2.3972499999999997
261,EJ,"GCAM_SSP2,date=2022-3-12T23:02:47+06:015",Brazil,c coal,2070,2.515282
262,EJ,"GCAM_SSP2,date=2022-3-12T23:02:47+06:015",Brazil,c coal,2075,2.6227150000000004
263,EJ,"GCAM_SSP2,date=2022-3-12T23:02:47+06:015",Brazil,c coal,2080,2.5816039999999996
264,EJ,"GCAM_SSP2,date=2022-3-12T23:02:47+06:015",Brazil,c coal,2085,2.574663
265,EJ,"GCAM_SSP2,date=2022-3-12T23:02:47+06:015",Brazil,c coal,2090,2.566317
266,EJ,"GCAM_SSP2,date=2022-3-12T23:02:47+06:015",Brazil,c coal,2095,2.573626
267,EJ,"GCAM_SSP2,date=2022-3-12T23:02:47+06:015",Brazil,c coal,2100,2.580027
268,EJ,"GCAM_SSP2,date=2022-3-12T23:02:47+06:015",Brazil,d biomass,1975,0.773866
269,EJ,"GCAM_SSP2,date=2022-3-12T23:02:47+06:015",Brazil,d biomass,1990,1.42094
270,EJ,"GCAM_SSP2,date=2022-3-12T23:02:47+06:015",Brazil,d biomass,2005,2.01346
271,EJ,"GCAM_SSP2,date=2022-3-12T23:02:47+06:015",Brazil,d biomass,2010,2.6079152
272,EJ,"GCAM_SSP2,date=2022-3-12T23:02:47+06:015",Brazil,d biomass,2015,2.713915
273,EJ,"GCAM_SSP2,date=2022-3-12T23:02:47+06:015",Brazil,d biomass,2020,3.0529916999999998
274,EJ,"GCAM_SSP2,date=2022-3-12T23:02:47+06:015",Brazil,d biomass,2025,3.526738048
275,EJ,"GCAM_SSP2,date=2022-3-12T23:02:47+06:015",Brazil,d biomass,2030,3.867256066
276,EJ,"GCAM_SSP2,date=2022-3-12T23:02:47+06:015",Brazil,d biomass,2035,4.06267964
277,EJ,"GCAM_SSP2,date=2022-3-12T23:02:47+06:015",Brazil,d biomass,2040,4.284056479999999
278,EJ,"GCAM_SSP2,date=2022-3-12T23:02:47+06:015",Brazil,d biomass,2045,4.6375177500000015
279,EJ,"GCAM_SSP2,date=2022-3-12T23:02:47+06:015",Brazil,d biomass,2050,4.9089328
280,EJ,"GCAM_SSP2,date=2022-3-12T23:02:47+06:015",Brazil,d biomass,2055,5.010519720000002
281,EJ,"GCAM_SSP2,date=2022-3-12T23:02:47+06:015",Brazil,d biomass,2060,4.94343403
282,EJ,"GCAM_SSP2,date=2022-3-12T23:02:47+06:015",Brazil,d biomass,2065,4.821255329
283,EJ,"GCAM_SSP2,date=2022-3-12T23:02:47+06:015",Brazil,d biomass,2070,4.660738423000001
284,EJ,"GCAM_SSP2,date=2022-3-12T23:02:47+06:015",Brazil,d biomass,2075,4.5009383099999996
285,EJ,"GCAM_SSP2,date=2022-3-12T23:02:47+06:015",Brazil,d biomass,2080,4.360186069999999
286,EJ,"GCAM_SSP2,date=2022-3-12T23:02:47+06:015",Brazil,d biomass,2085,4.23450981
287,EJ,"GCAM_SSP2,date=2022-3-12T23:02:47+06:015",Brazil,d biomass,2090,4.128225770000001
288,EJ,"GCAM_SSP2,date=2022-3-12T23:02:47+06:015",Brazil,d biomass,2095,4.04307734
289,EJ,"GCAM_SSP2,date=2022-3-12T23:02:47+06:015",Brazil,d biomass,2100,3.9508830999999995
290,EJ,"GCAM_SSP2,date=2022-3-12T23:02:47+06:015",Brazil,e nuclear,1990,0.0319371146433213
291,EJ,"GCAM_SSP2,date=2022-3-12T23:02:47+06:015",Brazil,e nuclear,2005,0.0942737056122957
292,EJ,"GCAM_SSP2,date=2022-3-12T23:02:47+06:015",Brazil,e nuclear,2010,0.121125326534603
293,EJ,"GCAM_SSP2,date=2022-3-12T23:02:47+06:015",Brazil,e nuclear,2015,0.1249885894099
294,EJ,"GCAM_SSP2,date=2022-3-12T23:02:47+06:015",Brazil,e nuclear,2020,0.1311594227820968
295,EJ,"GCAM_SSP2,date=2022-3-12T23:02:47+06:015",Brazil,e nuclear,2025,0.1471341981871126
296,EJ,"GCAM_SSP2,date=2022-3-12T23:02:47+06:015",Brazil,e nuclear,2030,0.16632294758297678
297,EJ,"GCAM_SSP2,date=2022-3-12T23:02:47+06:015",Brazil,e nuclear,2035,0.18981286104053788
298,EJ,"GCAM_SSP2,date=2022-3-12T23:02:47+06:015",Brazil,e nuclear,2040,0.2160112139594533
299,EJ,"GCAM_SSP2,date=2022-3-12T23:02:47+06:015",Brazil,e nuclear,2045,0.24158179348389516
300,EJ,"GCAM_SSP2,date=2022-3-12T23:02:47+06:015",Brazil,e nuclear,2050,0.2683046914583387
301,EJ,"GCAM_SSP2,date=2022-3-12T23:02:47+06:015",Brazil,e nuclear,2055,0.29417228192887257
302,EJ,"GCAM_SSP2,date=2022-3-12T23:02:47+06:015",Brazil,e nuclear,2060,0.3225091742842084
303,EJ,"GCAM_SSP2,date=2022-3-12T23:02:47+06:015",Brazil,e nuclear,2065,0.3586076008276242
304,EJ,"GCAM_SSP2,date=2022-3-12T23:02:47+06:015",Brazil,e nuclear,2070,0.3957996157533575
305,EJ,"GCAM_SSP2,date=2022-3-12T23:02:47+06:015",Brazil,e nuclear,2075,0.4280916286477355
306,EJ,"GCAM_SSP2,date=2022-3-12T23:02:47+06:015",Brazil,e nuclear,2080,0.4485859533141579
307,EJ,"GCAM_SSP2,date=2022-3-12T23:02:47+06:015",Brazil,e nuclear,2085,0.465772605854929
308,EJ,"GCAM_SSP2,date=2022-3-12T23:02:47+06:015",Brazil,e nuclear,2090,0.4774516064593606
309,EJ,"GCAM_SSP2,date=2022-3-12T23:02:47+06:015",Brazil,e nuclear,2095,0.48555231892336825
310,EJ,"GCAM_SSP2,date=2022-3-12T23:02:47+06:015",Brazil,e nuclear,2100,0.48647730289608493
311,EJ,"GCAM_SSP2,date=2022-3-12T23:02:47+06:015",Brazil,f hydro,1990,2.9521057876065058
312,EJ,"GCAM_SSP2,date=2022-3-12T23:02:47+06:015",Brazil,f hydro,2005,3.2277317454511576
313,EJ,"GCAM_SSP2,date=2022-3-12T23:02:47+06:015",Brazil,f hydro,2010,3.3628127578168434
314,EJ,"GCAM_SSP2,date=2022-3-12T23:02:47+06:015",Brazil,f hydro,2015,3.0525954672823947
315,EJ,"GCAM_SSP2,date=2022-3-12T23:02:47+06:015",Brazil,f hydro,2020,2.951640323801996
316,EJ,"GCAM_SSP2,date=2022-3-12T23:02:47+06:015",Brazil,f hydro,2025,2.9282923507524274
317,EJ,"GCAM_SSP2,date=2022-3-12T23:02:47+06:015",Brazil,f hydro,2030,2.910343818300549
318,EJ,"GCAM_SSP2,date=2022-3-12T23:02:47+06:015",Brazil,f hydro,2035,2.894741610369525
319,EJ,"GCAM_SSP2,date=2022-3-12T23:02:47+06:015",Brazil,f hydro,2040,2.8913470983303973
320,EJ,"GCAM_SSP2,date=2022-3-12T23:02:47+06:015",Brazil,f hydro,2045,2.904403804825592
321,EJ,"GCAM_SSP2,date=2022-3-12T23:02:47+06:015",Brazil,f hydro,2050,2.9277953029633728
322,EJ,"GCAM_SSP2,date=2022-3-12T23:02:47+06:015",Brazil,f hydro,2055,2.9596343293058838
323,EJ,"GCAM_SSP2,date=2022-3-12T23:02:47+06:015",Brazil,f hydro,2060,2.993810912418545
324,EJ,"GCAM_SSP2,date=2022-3-12T23:02:47+06:015",Brazil,f hydro,2065,3.00963211907694
325,EJ,"GCAM_SSP2,date=2022-3-12T23:02:47+06:015",Brazil,f hydro,2070,3.041795684518167
326,EJ,"GCAM_SSP2,date=2022-3-12T23:02:47+06:015",Brazil,f hydro,2075,3.082125460572515
327,EJ,"GCAM_SSP2,date=2022-3-12T23:02:47+06:015",Brazil,f hydro,2080,3.111020810373253
328,EJ,"GCAM_SSP2,date=2022-3-12T23:02:47+06:015",Brazil,f hydro,2085,3.153168228852377
329,EJ,"GCAM_SSP2,date=2022-3-12T23:02:47+06:015",Brazil,f hydro,2090,3.202075117819304
330,EJ,"GCAM_SSP2,date=2022-3-12T23:02:47+06:015",Brazil,f hydro,2095,3.254306913553308
331,EJ,"GCAM_SSP2,date=2022-3-12T23:02:47+06:015",Brazil,f hydro,2100,3.310374726188177
332,EJ,"GCAM_SSP2,date=2022-3-12T23:02:47+06:015",Brazil,g wind,2005,0.0008896461362092
333,EJ,"GCAM_SSP2,date=2022-3-12T23:02:47+06:015",Brazil,g wind,2010,0.0181566966158393
334,EJ,"GCAM_SSP2,date=2022-3-12T23:02:47+06:015",Brazil,g wind,2015,0.1834536641076306
335,EJ,"GCAM_SSP2,date=2022-3-12T23:02:47+06:015",Brazil,g wind,2020,0.4291573067852512
336,EJ,"GCAM_SSP2,date=2022-3-12T23:02:47+06:015",Brazil,g wind,2025,0.696105444820109
337,EJ,"GCAM_SSP2,date=2022-3-12T23:02:47+06:015",Brazil,g wind,2030,1.0024981563015365
338,EJ,"GCAM_SSP2,date=2022-3-12T23:02:47+06:015",Brazil,g wind,2035,1.355117896014336
339,EJ,"GCAM_SSP2,date=2022-3-12T23:02:47+06:015",Brazil,g wind,2040,1.7239653958088668
340,EJ,"GCAM_SSP2,date=2022-3-12T23:02:47+06:015",Brazil,g wind,2045,1.939226297535305
341,EJ,"GCAM_SSP2,date=2022-3-12T23:02:47+06:015",Brazil,g wind,2050,2.0862814390332236
342,EJ,"GCAM_SSP2,date=2022-3-12T23:02:47+06:015",Brazil,g wind,2055,2.2158399178593915
343,EJ,"GCAM_SSP2,date=2022-3-12T23:02:47+06:015",Brazil,g wind,2060,2.3355418190863118
344,EJ,"GCAM_SSP2,date=2022-3-12T23:02:47+06:015",Brazil,g wind,2065,2.4929241149667325
345,EJ,"GCAM_SSP2,date=2022-3-12T23:02:47+06:015",Brazil,g wind,2070,2.63429979485786
346,EJ,"GCAM_SSP2,date=2022-3-12T23:02:47+06:015",Brazil,g wind,2075,2.765795494794881
347,EJ,"GCAM_SSP2,date=2022-3-12T23:02:47+06:015",Brazil,g wind,2080,2.904728876952671
348,EJ,"GCAM_SSP2,date=2022-3-12T23:02:47+06:015",Brazil,g wind,2085,3.025376743707054
349,EJ,"GCAM_SSP2,date=2022-3-12T23:02:47+06:015",Brazil,g wind,2090,3.098431636076038
350,EJ,"GCAM_SSP2,date=2022-3-12T23:02:47+06:015",Brazil,g wind,2095,3.1212725875920864
351,EJ,"GCAM_SSP2,date=2022-3-12T23:02:47+06:015",Brazil,g wind,2100,3.1204991340075887
352,EJ,"GCAM_SSP2,date=2022-3-12T23:02:47+06:015",Brazil,h solar,2015,0.0005004972424165
353,EJ,"GCAM_SSP2,date=2022-3-12T23:02:47+06:015",Brazil,h solar,2020,0.06166743865405317
354,EJ,"GCAM_SSP2,date=2022-3-12T23:02:47+06:015",Brazil,h solar,2025,0.30740433612169266
355,EJ,"GCAM_SSP2,date=2022-3-12T23:02:47+06:015",Brazil,h solar,2030,0.6837043960666402
356,EJ,"GCAM_SSP2,date=2022-3-12T23:02:47+06:015",Brazil,h solar,2035,1.0586694535524022
357,EJ,"GCAM_SSP2,date=2022-3-12T23:02:47+06:015",Brazil,h solar,2040,1.4030494698887659
358,EJ,"GCAM_SSP2,date=2022-3-12T23:02:47+06:015",Brazil,h solar,2045,1.6938948923852541
359,EJ,"GCAM_SSP2,date=2022-3-12T23:02:47+06:015",Brazil,h solar,2050,1.9522796222418592
360,EJ,"GCAM_SSP2,date=2022-3-12T23:02:47+06:015",Brazil,h solar,2055,2.1601614835494543
361,EJ,"GCAM_SSP2,date=2022-3-12T23:02:47+06:015",Brazil,h solar,2060,2.3303039981481
362,EJ,"GCAM_SSP2,date=2022-3-12T23:02:47+06:015",Brazil,h solar,2065,2.4705550989128886
363,EJ,"GCAM_SSP2,date=2022-3-12T23:02:47+06:015",Brazil,h solar,2070,2.5670901198484075
364,EJ,"GCAM_SSP2,date=2022-3-12T23:02:47+06:015",Brazil,h solar,2075,2.6563159479072387
365,EJ,"GCAM_SSP2,date=2022-3-12T23:02:47+06:015",Brazil,h solar,2080,2.73425371541873
366,EJ,"GCAM_SSP2,date=2022-3-12T23:02:47+06:015",Brazil,h solar,2085,2.8007331734413463
367,EJ,"GCAM_SSP2,date=2022-3-12T23:02:47+06:015",Brazil,h solar,2090,2.852427124908202
368,EJ,"GCAM_SSP2,date=2022-3-12T23:02:47+06:015",Brazil,h solar,2095,2.8783984801320885
369,EJ,"GCAM_SSP2,date=2022-3-12T23:02:47+06:015",Brazil,h solar,2100,2.8966737978926673
370,EJ,"GCAM_SSP2,date=2022-3-12T23:02:47+06:015",Brazil,i geothermal,2020,0.0244378352386737
371,EJ,"GCAM_SSP2,date=2022-3-12T23:02:47+06:015",Brazil,i geothermal,2025,0.0643860500117818
372,EJ,"GCAM_SSP2,date=2022-3-12T23:02:47+06:015",Brazil,i geothermal,2030,0.11777143051612929
373,EJ,"GCAM_SSP2,date=2022-3-12T23:02:47+06:015",Brazil,i geothermal,2035,0.181469174478955
374,EJ,"GCAM_SSP2,date=2022-3-12T23:02:47+06:015",Brazil,i geothermal,2040,0.2474158637267901
375,EJ,"GCAM_SSP2,date=2022-3-12T23:02:47+06:015",Brazil,i geothermal,2045,0.3074496359674621
376,EJ,"GCAM_SSP2,date=2022-3-12T23:02:47+06:015",Brazil,i geothermal,2050,0.3449212089869784
377,EJ,"GCAM_SSP2,date=2022-3-12T23:02:47+06:015",Brazil,i geothermal,2055,0.36814250159388767
378,EJ,"GCAM_SSP2,date=2022-3-12T23:02:47+06:015",Brazil,i geothermal,2060,0.3833135748274339
379,EJ,"GCAM_SSP2,date=2022-3-12T23:02:47+06:015",Brazil,i geothermal,2065,0.40155548514513495
380,EJ,"GCAM_SSP2,date=2022-3-12T23:02:47+06:015",Brazil,i geothermal,2070,0.4169902031508255
381,EJ,"GCAM_SSP2,date=2022-3-12T23:02:47+06:015",Brazil,i geothermal,2075,0.43448675844902473
382,EJ,"GCAM_SSP2,date=2022-3-12T23:02:47+06:015",Brazil,i geothermal,2080,0.4536299660065971
383,EJ,"GCAM_SSP2,date=2022-3-12T23:02:47+06:015",Brazil,i geothermal,2085,0.4708205293769502
384,EJ,"GCAM_SSP2,date=2022-3-12T23:02:47+06:015",Brazil,i geothermal,2090,0.48255790531299403
385,EJ,"GCAM_SSP2,date=2022-3-12T23:02:47+06:015",Brazil,i geothermal,2095,0.4868069305349837
386,EJ,"GCAM_SSP2,date=2022-3-12T23:02:47+06:015",Brazil,i geothermal,2100,0.48815634465896934
387,EJ,"GCAM_SSP2,date=2022-3-12T23:02:47+06:015",Brazil,j traditional biomass,1990,0.3333316
388,EJ,"GCAM_SSP2,date=2022-3-12T23:02:47+06:015",Brazil,j traditional biomass,2005,0.344717
389,EJ,"GCAM_SSP2,date=2022-3-12T23:02:47+06:015",Brazil,j traditional biomass,2010,0.3045737
390,EJ,"GCAM_SSP2,date=2022-3-12T23:02:47+06:015",Brazil,j traditional biomass,2015,0.2651408
391,EJ,"GCAM_SSP2,date=2022-3-12T23:02:47+06:015",Brazil,j traditional biomass,2020,0.23604909999999998
392,EJ,"GCAM_SSP2,date=2022-3-12T23:02:47+06:015",Brazil,j traditional biomass,2025,0.209271
393,EJ,"GCAM_SSP2,date=2022-3-12T23:02:47+06:015",Brazil,j traditional biomass,2030,0.1813822
394,EJ,"GCAM_SSP2,date=2022-3-12T23:02:47+06:015",Brazil,j traditional biomass,2035,0.1594797
395,EJ,"GCAM_SSP2,date=2022-3-12T23:02:47+06:015",Brazil,j traditional biomass,2040,0.1419812
396,EJ,"GCAM_SSP2,date=2022-3-12T23:02:47+06:015",Brazil,j traditional biomass,2045,0.1253048
397,EJ,"GCAM_SSP2,date=2022-3-12T23:02:47+06:015",Brazil,j traditional biomass,2050,0.11151849999999999
398,EJ,"GCAM_SSP2,date=2022-3-12T23:02:47+06:015",Brazil,j traditional biomass,2055,0.0977422
399,EJ,"GCAM_SSP2,date=2022-3-12T23:02:47+06:015",Brazil,j traditional biomass,2060,0.08440504
400,EJ,"GCAM_SSP2,date=2022-3-12T23:02:47+06:015",Brazil,j traditional biomass,2065,0.0730422
401,EJ,"GCAM_SSP2,date=2022-3-12T23:02:47+06:015",Brazil,j traditional biomass,2070,0.0626211
402,EJ,"GCAM_SSP2,date=2022-3-12T23:02:47+06:015",Brazil,j traditional biomass,2075,0.05308427
403,EJ,"GCAM_SSP2,date=2022-3-12T23:02:47+06:015",Brazil,j traditional biomass,2080,0.045031260000000004
404,EJ,"GCAM_SSP2,date=2022-3-12T23:02:47+06:015",Brazil,j traditional biomass,2085,0.03800598
405,EJ,"GCAM_SSP2,date=2022-3-12T23:02:47+06:015",Brazil,j traditional biomass,2090,0.031840099999999996
406,EJ,"GCAM_SSP2,date=2022-3-12T23:02:47+06:015",Brazil,j traditional biomass,2095,0.02646719
407,EJ,"GCAM_SSP2,date=2022-3-12T23:02:47+06:015",Brazil,j traditional biomass,2100,0.022130149999999998
408,EJ,"GCAM_SSP2,date=2022-3-12T23:02:47+06:015",China,a oil,1990,5.20491
409,EJ,"GCAM_SSP2,date=2022-3-12T23:02:47+06:015",China,a oil,2005,14.47367
410,EJ,"GCAM_SSP2,date=2022-3-12T23:02:47+06:015",China,a oil,2010,19.82884
411,EJ,"GCAM_SSP2,date=2022-3-12T23:02:47+06:015",China,a oil,2015,24.49077
412,EJ,"GCAM_SSP2,date=2022-3-12T23:02:47+06:015",China,a oil,2020,30.42575
413,EJ,"GCAM_SSP2,date=2022-3-12T23:02:47+06:015",China,a oil,2025,33.473530000000004
414,EJ,"GCAM_SSP2,date=2022-3-12T23:02:47+06:015",China,a oil,2030,35.36157
415,EJ,"GCAM_SSP2,date=2022-3-12T23:02:47+06:015",China,a oil,2035,36.3009
416,EJ,"GCAM_SSP2,date=2022-3-12T23:02:47+06:015",China,a oil,2040,36.3077
417,EJ,"GCAM_SSP2,date=2022-3-12T23:02:47+06:015",China,a oil,2045,35.2391
418,EJ,"GCAM_SSP2,date=2022-3-12T23:02:47+06:015",China,a oil,2050,33.5991
419,EJ,"GCAM_SSP2,date=2022-3-12T23:02:47+06:015",China,a oil,2055,32.1748
420,EJ,"GCAM_SSP2,date=2022-3-12T23:02:47+06:015",China,a oil,2060,31.2692
421,EJ,"GCAM_SSP2,date=2022-3-12T23:02:47+06:015",China,a oil,2065,30.4658
422,EJ,"GCAM_SSP2,date=2022-3-12T23:02:47+06:015",China,a oil,2070,29.9765
423,EJ,"GCAM_SSP2,date=2022-3-12T23:02:47+06:015",China,a oil,2075,29.4032
424,EJ,"GCAM_SSP2,date=2022-3-12T23:02:47+06:015",China,a oil,2080,28.9678
425,EJ,"GCAM_SSP2,date=2022-3-12T23:02:47+06:015",China,a oil,2085,28.4925
426,EJ,"GCAM_SSP2,date=2022-3-12T23:02:47+06:015",China,a oil,2090,27.9839
427,EJ,"GCAM_SSP2,date=2022-3-12T23:02:47+06:015",China,a oil,2095,27.4911
428,EJ,"GCAM_SSP2,date=2022-3-12T23:02:47+06:015",China,a oil,2100,27.0191
429,EJ,"GCAM_SSP2,date=2022-3-12T23:02:47+06:015",China,b natural gas,1975,0.30390406000000003
430,EJ,"GCAM_SSP2,date=2022-3-12T23:02:47+06:015",China,b natural gas,1990,0.475348
431,EJ,"GCAM_SSP2,date=2022-3-12T23:02:47+06:015",China,b natural gas,2005,1.49764
432,EJ,"GCAM_SSP2,date=2022-3-12T23:02:47+06:015",China,b natural gas,2010,4.310679
433,EJ,"GCAM_SSP2,date=2022-3-12T23:02:47+06:015",China,b natural gas,2015,6.47609
434,EJ,"GCAM_SSP2,date=2022-3-12T23:02:47+06:015",China,b natural gas,2020,8.39621
435,EJ,"GCAM_SSP2,date=2022-3-12T23:02:47+06:015",China,b natural gas,2025,9.97339
436,EJ,"GCAM_SSP2,date=2022-3-12T23:02:47+06:015",China,b natural gas,2030,11.926400000000001
437,EJ,"GCAM_SSP2,date=2022-3-12T23:02:47+06:015",China,b natural gas,2035,13.37014
438,EJ,"GCAM_SSP2,date=2022-3-12T23:02:47+06:015",China,b natural gas,2040,14.187610000000001
439,EJ,"GCAM_SSP2,date=2022-3-12T23:02:47+06:015",China,b natural gas,2045,15.01415
440,EJ,"GCAM_SSP2,date=2022-3-12T23:02:47+06:015",China,b natural gas,2050,15.368559999999999
441,EJ,"GCAM_SSP2,date=2022-3-12T23:02:47+06:015",China,b natural gas,2055,15.608070000000001
442,EJ,"GCAM_SSP2,date=2022-3-12T23:02:47+06:015",China,b natural gas,2060,15.910979999999999
443,EJ,"GCAM_SSP2,date=2022-3-12T23:02:47+06:015",China,b natural gas,2065,15.96062
444,EJ,"GCAM_SSP2,date=2022-3-12T23:02:47+06:015",China,b natural gas,2070,15.87061
445,EJ,"GCAM_SSP2,date=2022-3-12T23:02:47+06:015",China,b natural gas,2075,15.95512
446,EJ,"GCAM_SSP2,date=2022-3-12T23:02:47+06:015",China,b natural gas,2080,16.08565
447,EJ,"GCAM_SSP2,date=2022-3-12T23:02:47+06:015",China,b natural gas,2085,16.15617
448,EJ,"GCAM_SSP2,date=2022-3-12T23:02:47+06:015",China,b natural gas,2090,16.33464
449,EJ,"GCAM_SSP2,date=2022-3-12T23:02:47+06:015",China,b natural gas,2095,16.7329
450,EJ,"GCAM_SSP2,date=2022-3-12T23:02:47+06:015",China,b natural gas,2100,18.25365
451,EJ,"GCAM_SSP2,date=2022-3-12T23:02:47+06:015",China,c coal,1975,5.41017
452,EJ,"GCAM_SSP2,date=2022-3-12T23:02:47+06:015",China,c coal,1990,21.0222
453,EJ,"GCAM_SSP2,date=2022-3-12T23:02:47+06:015",China,c coal,2005,51.768668
454,EJ,"GCAM_SSP2,date=2022-3-12T23:02:47+06:015",China,c coal,2010,73.46026
455,EJ,"GCAM_SSP2,date=2022-3-12T23:02:47+06:015",China,c coal,2015,83.37547
456,EJ,"GCAM_SSP2,date=2022-3-12T23:02:47+06:015",China,c coal,2020,99.99340000000001
457,EJ,"GCAM_SSP2,date=2022-3-12T23:02:47+06:015",China,c coal,2025,109.03150000000001
458,EJ,"GCAM_SSP2,date=2022-3-12T23:02:47+06:015",China,c coal,2030,112.1503
459,EJ,"GCAM_SSP2,date=2022-3-12T23:02:47+06:015",China,c coal,2035,111.52420000000001
460,EJ,"GCAM_SSP2,date=2022-3-12T23:02:47+06:015",China,c coal,2040,109.6708
461,EJ,"GCAM_SSP2,date=2022-3-12T23:02:47+06:015",China,c coal,2045,106.813
462,EJ,"GCAM_SSP2,date=2022-3-12T23:02:47+06:015",China,c coal,2050,102.8597
463,EJ,"GCAM_SSP2,date=2022-3-12T23:02:47+06:015",China,c coal,2055,98.36099999999999
464,EJ,"GCAM_SSP2,date=2022-3-12T23:02:47+06:015",China,c coal,2060,93.583
465,EJ,"GCAM_SSP2,date=2022-3-12T23:02:47+06:015",China,c coal,2065,89.2264
466,EJ,"GCAM_SSP2,date=2022-3-12T23:02:47+06:015",China,c coal,2070,85.3959
467,EJ,"GCAM_SSP2,date=2022-3-12T23:02:47+06:015",China,c coal,2075,80.4726
468,EJ,"GCAM_SSP2,date=2022-3-12T23:02:47+06:015",China,c coal,2080,69.987
469,EJ,"GCAM_SSP2,date=2022-3-12T23:02:47+06:015",China,c coal,2085,61.636799999999994
470,EJ,"GCAM_SSP2,date=2022-3-12T23:02:47+06:015",China,c coal,2090,55.0656
471,EJ,"GCAM_SSP2,date=2022-3-12T23:02:47+06:015",China,c coal,2095,49.6849
472,EJ,"GCAM_SSP2,date=2022-3-12T23:02:47+06:015",China,c coal,2100,44.6378
473,EJ,"GCAM_SSP2,date=2022-3-12T23:02:47+06:015",China,d biomass,1975,1.97e-05
474,EJ,"GCAM_SSP2,date=2022-3-12T23:02:47+06:015",China,d biomass,1990,0.000705038
475,EJ,"GCAM_SSP2,date=2022-3-12T23:02:47+06:015",China,d biomass,2005,0.31870259999999995
476,EJ,"GCAM_SSP2,date=2022-3-12T23:02:47+06:015",China,d biomass,2010,1.003763
477,EJ,"GCAM_SSP2,date=2022-3-12T23:02:47+06:015",China,d biomass,2015,1.4925867
478,EJ,"GCAM_SSP2,date=2022-3-12T23:02:47+06:015",China,d biomass,2020,2.8006631
479,EJ,"GCAM_SSP2,date=2022-3-12T23:02:47+06:015",China,d biomass,2025,5.77486624
480,EJ,"GCAM_SSP2,date=2022-3-12T23:02:47+06:015",China,d biomass,2030,8.698477600000004
481,EJ,"GCAM_SSP2,date=2022-3-12T23:02:47+06:015",China,d biomass,2035,11.5116081
482,EJ,"GCAM_SSP2,date=2022-3-12T23:02:47+06:015",China,d biomass,2040,14.259771
483,EJ,"GCAM_SSP2,date=2022-3-12T23:02:47+06:015",China,d biomass,2045,17.182881820000002
484,EJ,"GCAM_SSP2,date=2022-3-12T23:02:47+06:015",China,d biomass,2050,19.20064007
485,EJ,"GCAM_SSP2,date=2022-3-12T23:02:47+06:015",China,d biomass,2055,20.16671896
486,EJ,"GCAM_SSP2,date=2022-3-12T23:02:47+06:015",China,d biomass,2060,19.99164376
487,EJ,"GCAM_SSP2,date=2022-3-12T23:02:47+06:015",China,d biomass,2065,19.27251768
488,EJ,"GCAM_SSP2,date=2022-3-12T23:02:47+06:015",China,d biomass,2070,18.107153397999998
489,EJ,"GCAM_SSP2,date=2022-3-12T23:02:47+06:015",China,d biomass,2075,16.854671920000012
490,EJ,"GCAM_SSP2,date=2022-3-12T23:02:47+06:015",China,d biomass,2080,16.044667344
491,EJ,"GCAM_SSP2,date=2022-3-12T23:02:47+06:015",China,d biomass,2085,15.18757829
492,EJ,"GCAM_SSP2,date=2022-3-12T23:02:47+06:015",China,d biomass,2090,14.274159369999998
493,EJ,"GCAM_SSP2,date=2022-3-12T23:02:47+06:015",China,d biomass,2095,13.255907329999998
494,EJ,"GCAM_SSP2,date=2022-3-12T23:02:47+06:015",China,d biomass,2100,11.712783162000001
495,EJ,"GCAM_SSP2,date=2022-3-12T23:02:47+06:015",China,e nuclear,2005,0.6272592202328056
496,EJ,"GCAM_SSP2,date=2022-3-12T23:02:47+06:015",China,e nuclear,2010,0.7790549014339289
497,EJ,"GCAM_SSP2,date=2022-3-12T23:02:47+06:015",China,e nuclear,2015,1.7256503800510512
498,EJ,"GCAM_SSP2,date=2022-3-12T23:02:47+06:015",China,e nuclear,2020,3.0400805276779668
499,EJ,"GCAM_SSP2,date=2022-3-12T23:02:47+06:015",China,e nuclear,2025,4.632825493900323
500,EJ,"GCAM_SSP2,date=2022-3-12T23:02:47+06:015",China,e nuclear,2030,6.075098979271788
501,EJ,"GCAM_SSP2,date=2022-3-12T23:02:47+06:015",China,e nuclear,2035,7.2963648098807425
502,EJ,"GCAM_SSP2,date=2022-3-12T23:02:47+06:015",China,e nuclear,2040,8.491811337698307
503,EJ,"GCAM_SSP2,date=2022-3-12T23:02:47+06:015",China,e nuclear,2045,9.863347057754076
504,EJ,"GCAM_SSP2,date=2022-3-12T23:02:47+06:015",China,e nuclear,2050,10.952376350596268
505,EJ,"GCAM_SSP2,date=2022-3-12T23:02:47+06:015",China,e nuclear,2055,11.904111174248262
506,EJ,"GCAM_SSP2,date=2022-3-12T23:02:47+06:015",China,e nuclear,2060,12.629161568159068
507,EJ,"GCAM_SSP2,date=2022-3-12T23:02:47+06:015",China,e nuclear,2065,13.173514555417931
508,EJ,"GCAM_SSP2,date=2022-3-12T23:02:47+06:015",China,e nuclear,2070,13.590043184697064
509,EJ,"GCAM_SSP2,date=2022-3-12T23:02:47+06:015",China,e nuclear,2075,13.948066059538842
510,EJ,"GCAM_SSP2,date=2022-3-12T23:02:47+06:015",China,e nuclear,2080,13.774849472134427
511,EJ,"GCAM_SSP2,date=2022-3-12T23:02:47+06:015",China,e nuclear,2085,13.189717821767621
512,EJ,"GCAM_SSP2,date=2022-3-12T23:02:47+06:015",China,e nuclear,2090,12.428523937752939
513,EJ,"GCAM_SSP2,date=2022-3-12T23:02:47+06:015",China,e nuclear,2095,11.61151820167347
514,EJ,"GCAM_SSP2,date=2022-3-12T23:02:47+06:015",China,e nuclear,2100,10.701336693930136
515,EJ,"GCAM_SSP2,date=2022-3-12T23:02:47+06:015",China,f hydro,1990,1.5249792408292242
516,EJ,"GCAM_SSP2,date=2022-3-12T23:02:47+06:015",China,f hydro,2005,4.692195095120249
517,EJ,"GCAM_SSP2,date=2022-3-12T23:02:47+06:015",China,f hydro,2010,7.5031420082874
518,EJ,"GCAM_SSP2,date=2022-3-12T23:02:47+06:015",China,f hydro,2015,11.269771169535916
519,EJ,"GCAM_SSP2,date=2022-3-12T23:02:47+06:015",China,f hydro,2020,10.890414236611486
520,EJ,"GCAM_SSP2,date=2022-3-12T23:02:47+06:015",China,f hydro,2025,10.61672481327111
521,EJ,"GCAM_SSP2,date=2022-3-12T23:02:47+06:015",China,f hydro,2030,10.40818266472597
522,EJ,"GCAM_SSP2,date=2022-3-12T23:02:47+06:015",China,f hydro,2035,10.22770023783556
523,EJ,"GCAM_SSP2,date=2022-3-12T23:02:47+06:015",China,f hydro,2040,10.045952173103815
524,EJ,"GCAM_SSP2,date=2022-3-12T23:02:47+06:015",China,f hydro,2045,9.841048217640092
525,EJ,"GCAM_SSP2,date=2022-3-12T23:02:47+06:015",China,f hydro,2050,9.650852218459208
526,EJ,"GCAM_SSP2,date=2022-3-12T23:02:47+06:015",China,f hydro,2055,9.469151824314284
527,EJ,"GCAM_SSP2,date=2022-3-12T23:02:47+06:015",China,f hydro,2060,9.317203365304191
528,EJ,"GCAM_SSP2,date=2022-3-12T23:02:47+06:015",China,f hydro,2065,9.212101489169472
529,EJ,"GCAM_SSP2,date=2022-3-12T23:02:47+06:015",China,f hydro,2070,9.138465945407114
530,EJ,"GCAM_SSP2,date=2022-3-12T23:02:47+06:015",China,f hydro,2075,9.016501535071953
531,EJ,"GCAM_SSP2,date=2022-3-12T23:02:47+06:015",China,f hydro,2080,8.722412545936162
532,EJ,"GCAM_SSP2,date=2022-3-12T23:02:47+06:015",China,f hydro,2085,8.490663407117903
533,EJ,"GCAM_SSP2,date=2022-3-12T23:02:47+06:015",China,f hydro,2090,8.31460705007502
534,EJ,"GCAM_SSP2,date=2022-3-12T23:02:47+06:015",China,f hydro,2095,8.180832722372442
535,EJ,"GCAM_SSP2,date=2022-3-12T23:02:47+06:015",China,f hydro,2100,8.060268667074094
536,EJ,"GCAM_SSP2,date=2022-3-12T23:02:47+06:015",China,g wind,1990,2.4054858155e-05
537,EJ,"GCAM_SSP2,date=2022-3-12T23:02:47+06:015",China,g wind,2005,0.0239640201177692
538,EJ,"GCAM_SSP2,date=2022-3-12T23:02:47+06:015",China,g wind,2010,0.4705508189523963
539,EJ,"GCAM_SSP2,date=2022-3-12T23:02:47+06:015",China,g wind,2015,1.8770071493977536
540,EJ,"GCAM_SSP2,date=2022-3-12T23:02:47+06:015",China,g wind,2020,3.3040459424157724
541,EJ,"GCAM_SSP2,date=2022-3-12T23:02:47+06:015",China,g wind,2025,5.390610019385467
542,EJ,"GCAM_SSP2,date=2022-3-12T23:02:47+06:015",China,g wind,2030,7.579345292392356
543,EJ,"GCAM_SSP2,date=2022-3-12T23:02:47+06:015",China,g wind,2035,9.639570606576036
544,EJ,"GCAM_SSP2,date=2022-3-12T23:02:47+06:015",China,g wind,2040,11.648985183222736
545,EJ,"GCAM_SSP2,date=2022-3-12T23:02:47+06:015",China,g wind,2045,12.32996706503749
546,EJ,"GCAM_SSP2,date=2022-3-12T23:02:47+06:015",China,g wind,2050,12.902695414142213
547,EJ,"GCAM_SSP2,date=2022-3-12T23:02:47+06:015",China,g wind,2055,12.939480227444081
548,EJ,"GCAM_SSP2,date=2022-3-12T23:02:47+06:015",China,g wind,2060,12.670024196717648
549,EJ,"GCAM_SSP2,date=2022-3-12T23:02:47+06:015",China,g wind,2065,12.20376399891067
550,EJ,"GCAM_SSP2,date=2022-3-12T23:02:47+06:015",China,g wind,2070,11.474891761678407
551,EJ,"GCAM_SSP2,date=2022-3-12T23:02:47+06:015",China,g wind,2075,10.720559366107324
552,EJ,"GCAM_SSP2,date=2022-3-12T23:02:47+06:015",China,g wind,2080,12.361429426404738
553,EJ,"GCAM_SSP2,date=2022-3-12T23:02:47+06:015",China,g wind,2085,13.142844770862032
554,EJ,"GCAM_SSP2,date=2022-3-12T23:02:47+06:015",China,g wind,2090,13.276848532140443
555,EJ,"GCAM_SSP2,date=2022-3-12T23:02:47+06:015",China,g wind,2095,13.091188477190626
556,EJ,"GCAM_SSP2,date=2022-3-12T23:02:47+06:015",China,g wind,2100,12.844977459735665
557,EJ,"GCAM_SSP2,date=2022-3-12T23:02:47+06:015",China,h solar,1990,2.4054858155e-05
558,EJ,"GCAM_SSP2,date=2022-3-12T23:02:47+06:015",China,h solar,2005,0.001018426628956
559,EJ,"GCAM_SSP2,date=2022-3-12T23:02:47+06:015",China,h solar,2010,0.0074162632197103
560,EJ,"GCAM_SSP2,date=2022-3-12T23:02:47+06:015",China,h solar,2015,0.45276432423468305
561,EJ,"GCAM_SSP2,date=2022-3-12T23:02:47+06:015",China,h solar,2020,1.3474286508321647
562,EJ,"GCAM_SSP2,date=2022-3-12T23:02:47+06:015",China,h solar,2025,4.507859182242414
563,EJ,"GCAM_SSP2,date=2022-3-12T23:02:47+06:015",China,h solar,2030,9.152086568119516
564,EJ,"GCAM_SSP2,date=2022-3-12T23:02:47+06:015",China,h solar,2035,12.910875486624382
565,EJ,"GCAM_SSP2,date=2022-3-12T23:02:47+06:015",China,h solar,2040,15.707434043639301
566,EJ,"GCAM_SSP2,date=2022-3-12T23:02:47+06:015",China,h solar,2045,17.713826051827535
567,EJ,"GCAM_SSP2,date=2022-3-12T23:02:47+06:015",China,h solar,2050,18.894949805019042
568,EJ,"GCAM_SSP2,date=2022-3-12T23:02:47+06:015",China,h solar,2055,19.069255536574055
569,EJ,"GCAM_SSP2,date=2022-3-12T23:02:47+06:015",China,h solar,2060,18.68339418746287
570,EJ,"GCAM_SSP2,date=2022-3-12T23:02:47+06:015",China,h solar,2065,18.205146081634002
571,EJ,"GCAM_SSP2,date=2022-3-12T23:02:47+06:015",China,h solar,2070,17.53742613987187
572,EJ,"GCAM_SSP2,date=2022-3-12T23:02:47+06:015",China,h solar,2075,16.797424223781007
573,EJ,"GCAM_SSP2,date=2022-3-12T23:02:47+06:015",China,h solar,2080,16.721770338869344
574,EJ,"GCAM_SSP2,date=2022-3-12T23:02:47+06:015",China,h solar,2085,16.407443124814463
575,EJ,"GCAM_SSP2,date=2022-3-12T23:02:47+06:015",China,h solar,2090,15.939726255533492
576,EJ,"GCAM_SSP2,date=2022-3-12T23:02:47+06:015",China,h solar,2095,15.376683772612731
577,EJ,"GCAM_SSP2,date=2022-3-12T23:02:47+06:015",China,h solar,2100,14.846106973011846
578,EJ,"GCAM_SSP2,date=2022-3-12T23:02:47+06:015",China,i geothermal,1990,0.0006855641089099
579,EJ,"GCAM_SSP2,date=2022-3-12T23:02:47+06:015",China,i geothermal,2005,0.0013587752056388
580,EJ,"GCAM_SSP2,date=2022-3-12T23:02:47+06:015",China,i geothermal,2010,0.0013181099628751
581,EJ,"GCAM_SSP2,date=2022-3-12T23:02:47+06:015",China,i geothermal,2015,0.0012629997792127
582,EJ,"GCAM_SSP2,date=2022-3-12T23:02:47+06:015",China,i geothermal,2020,0.1974126366458158
583,EJ,"GCAM_SSP2,date=2022-3-12T23:02:47+06:015",China,i geothermal,2025,0.29884554286601694
584,EJ,"GCAM_SSP2,date=2022-3-12T23:02:47+06:015",China,i geothermal,2030,0.29300480076784785
585,EJ,"GCAM_SSP2,date=2022-3-12T23:02:47+06:015",China,i geothermal,2035,0.28793952111679266
586,EJ,"GCAM_SSP2,date=2022-3-12T23:02:47+06:015",China,i geothermal,2040,0.2828234819294612
587,EJ,"GCAM_SSP2,date=2022-3-12T23:02:47+06:015",China,i geothermal,2045,0.2770238483964318
588,EJ,"GCAM_SSP2,date=2022-3-12T23:02:47+06:015",China,i geothermal,2050,0.2716141912385558
589,EJ,"GCAM_SSP2,date=2022-3-12T23:02:47+06:015",China,i geothermal,2055,0.2664645387001219
590,EJ,"GCAM_SSP2,date=2022-3-12T23:02:47+06:015",China,i geothermal,2060,0.2622108626108031
591,EJ,"GCAM_SSP2,date=2022-3-12T23:02:47+06:015",China,i geothermal,2065,0.25927615517321567
592,EJ,"GCAM_SSP2,date=2022-3-12T23:02:47+06:015",China,i geothermal,2070,0.25723372875545125
593,EJ,"GCAM_SSP2,date=2022-3-12T23:02:47+06:015",China,i geothermal,2075,0.2537967991267388
594,EJ,"GCAM_SSP2,date=2022-3-12T23:02:47+06:015",China,i geothermal,2080,0.2453616511843818
595,EJ,"GCAM_SSP2,date=2022-3-12T23:02:47+06:015",China,i geothermal,2085,0.2388972557780865
596,EJ,"GCAM_SSP2,date=2022-3-12T23:02:47+06:015",China,i geothermal,2090,0.2340174726246001
597,EJ,"GCAM_SSP2,date=2022-3-12T23:02:47+06:015",China,i geothermal,2095,0.2303132593857358
598,EJ,"GCAM_SSP2,date=2022-3-12T23:02:47+06:015",China,i geothermal,2100,0.2269374828342288
599,EJ,"GCAM_SSP2,date=2022-3-12T23:02:47+06:015",China,j traditional biomass,1990,8.394089999999998
600,EJ,"GCAM_SSP2,date=2022-3-12T23:02:47+06:015",China,j traditional biomass,2005,6.78429
601,EJ,"GCAM_SSP2,date=2022-3-12T23:02:47+06:015",China,j traditional biomass,2010,4.6840399999999995
602,EJ,"GCAM_SSP2,date=2022-3-12T23:02:47+06:015",China,j traditional biomass,2015,3.38022
603,EJ,"GCAM_SSP2,date=2022-3-12T23:02:47+06:015",China,j traditional biomass,2020,2.83489
604,EJ,"GCAM_SSP2,date=2022-3-12T23:02:47+06:015",China,j traditional biomass,2025,2.3600399999999997
605,EJ,"GCAM_SSP2,date=2022-3-12T23:02:47+06:015",China,j traditional biomass,2030,1.9504860000000002
606,EJ,"GCAM_SSP2,date=2022-3-12T23:02:47+06:015",China,j traditional biomass,2035,1.6521080000000001
607,EJ,"GCAM_SSP2,date=2022-3-12T23:02:47+06:015",China,j traditional biomass,2040,1.432056
608,EJ,"GCAM_SSP2,date=2022-3-12T23:02:47+06:015",China,j traditional biomass,2045,1.232427
609,EJ,"GCAM_SSP2,date=2022-3-12T23:02:47+06:015",China,j traditional biomass,2050,1.068822
610,EJ,"GCAM_SSP2,date=2022-3-12T23:02:47+06:015",China,j traditional biomass,2055,0.9227110000000001
611,EJ,"GCAM_SSP2,date=2022-3-12T23:02:47+06:015",China,j traditional biomass,2060,0.785005
612,EJ,"GCAM_SSP2,date=2022-3-12T23:02:47+06:015",China,j traditional biomass,2065,0.66547
613,EJ,"GCAM_SSP2,date=2022-3-12T23:02:47+06:015",China,j traditional biomass,2070,0.562447
614,EJ,"GCAM_SSP2,date=2022-3-12T23:02:47+06:015",China,j traditional biomass,2075,0.473915
615,EJ,"GCAM_SSP2,date=2022-3-12T23:02:47+06:015",China,j traditional biomass,2080,0.40701200000000004
616,EJ,"GCAM_SSP2,date=2022-3-12T23:02:47+06:015",China,j traditional biomass,2085,0.350024
617,EJ,"GCAM_SSP2,date=2022-3-12T23:02:47+06:015",China,j traditional biomass,2090,0.298443
618,EJ,"GCAM_SSP2,date=2022-3-12T23:02:47+06:015",China,j traditional biomass,2095,0.252879
619,EJ,"GCAM_SSP2,date=2022-3-12T23:02:47+06:015",China,j traditional biomass,2100,0.21085969999999998
620,EJ,"GCAM_SSP2,date=2022-3-12T23:02:47+06:015",India,a oil,1990,2.53095
621,EJ,"GCAM_SSP2,date=2022-3-12T23:02:47+06:015",India,a oil,2005,5.27472
622,EJ,"GCAM_SSP2,date=2022-3-12T23:02:47+06:015",India,a oil,2010,6.7462100000000005
623,EJ,"GCAM_SSP2,date=2022-3-12T23:02:47+06:015",India,a oil,2015,8.61701
624,EJ,"GCAM_SSP2,date=2022-3-12T23:02:47+06:015",India,a oil,2020,10.54926
625,EJ,"GCAM_SSP2,date=2022-3-12T23:02:47+06:015",India,a oil,2025,12.25839
626,EJ,"GCAM_SSP2,date=2022-3-12T23:02:47+06:015",India,a oil,2030,13.56214
627,EJ,"GCAM_SSP2,date=2022-3-12T23:02:47+06:015",India,a oil,2035,14.51248
628,EJ,"GCAM_SSP2,date=2022-3-12T23:02:47+06:015",India,a oil,2040,15.13398
629,EJ,"GCAM_SSP2,date=2022-3-12T23:02:47+06:015",India,a oil,2045,15.72169
630,EJ,"GCAM_SSP2,date=2022-3-12T23:02:47+06:015",India,a oil,2050,16.58133
631,EJ,"GCAM_SSP2,date=2022-3-12T23:02:47+06:015",India,a oil,2055,17.9163
632,EJ,"GCAM_SSP2,date=2022-3-12T23:02:47+06:015",India,a oil,2060,19.544819999999998
633,EJ,"GCAM_SSP2,date=2022-3-12T23:02:47+06:015",India,a oil,2065,21.103279999999998
634,EJ,"GCAM_SSP2,date=2022-3-12T23:02:47+06:015",India,a oil,2070,22.559089999999998
635,EJ,"GCAM_SSP2,date=2022-3-12T23:02:47+06:015",India,a oil,2075,23.3215
636,EJ,"GCAM_SSP2,date=2022-3-12T23:02:47+06:015",India,a oil,2080,23.97981
637,EJ,"GCAM_SSP2,date=2022-3-12T23:02:47+06:015",India,a oil,2085,24.584609999999998
638,EJ,"GCAM_SSP2,date=2022-3-12T23:02:47+06:015",India,a oil,2090,25.190869999999997
639,EJ,"GCAM_SSP2,date=2022-3-12T23:02:47+06:015",India,a oil,2095,25.756549999999997
640,EJ,"GCAM_SSP2,date=2022-3-12T23:02:47+06:015",India,a oil,2100,26.33439
641,EJ,"GCAM_SSP2,date=2022-3-12T23:02:47+06:015",India,b natural gas,1975,0.025409068
642,EJ,"GCAM_SSP2,date=2022-3-12T23:02:47+06:015",India,b natural gas,1990,0.4425015
643,EJ,"GCAM_SSP2,date=2022-3-12T23:02:47+06:015",India,b natural gas,2005,1.3306939999999998
644,EJ,"GCAM_SSP2,date=2022-3-12T23:02:47+06:015",India,b natural gas,2010,2.276225
645,EJ,"GCAM_SSP2,date=2022-3-12T23:02:47+06:015",India,b natural gas,2015,1.8873879999999998
646,EJ,"GCAM_SSP2,date=2022-3-12T23:02:47+06:015",India,b natural gas,2020,2.58354
647,EJ,"GCAM_SSP2,date=2022-3-12T23:02:47+06:015",India,b natural gas,2025,3.5751
648,EJ,"GCAM_SSP2,date=2022-3-12T23:02:47+06:015",India,b natural gas,2030,5.04772
649,EJ,"GCAM_SSP2,date=2022-3-12T23:02:47+06:015",India,b natural gas,2035,6.88641
650,EJ,"GCAM_SSP2,date=2022-3-12T23:02:47+06:015",India,b natural gas,2040,8.862020000000001
651,EJ,"GCAM_SSP2,date=2022-3-12T23:02:47+06:015",India,b natural gas,2045,10.98814
652,EJ,"GCAM_SSP2,date=2022-3-12T23:02:47+06:015",India,b natural gas,2050,13.063849999999999
653,EJ,"GCAM_SSP2,date=2022-3-12T23:02:47+06:015",India,b natural gas,2055,14.88456
654,EJ,"GCAM_SSP2,date=2022-3-12T23:02:47+06:015",India,b natural gas,2060,16.4502
655,EJ,"GCAM_SSP2,date=2022-3-12T23:02:47+06:015",India,b natural gas,2065,17.51545
656,EJ,"GCAM_SSP2,date=2022-3-12T23:02:47+06:015",India,b natural gas,2070,18.20084
657,EJ,"GCAM_SSP2,date=2022-3-12T23:02:47+06:015",India,b natural gas,2075,18.68751
658,EJ,"GCAM_SSP2,date=2022-3-12T23:02:47+06:015",India,b natural gas,2080,19.359830000000002
659,EJ,"GCAM_SSP2,date=2022-3-12T23:02:47+06:015",India,b natural gas,2085,20.0002
660,EJ,"GCAM_SSP2,date=2022-3-12T23:02:47+06:015",India,b natural gas,2090,20.6063
661,EJ,"GCAM_SSP2,date=2022-3-12T23:02:47+06:015",India,b natural gas,2095,21.06175
662,EJ,"GCAM_SSP2,date=2022-3-12T23:02:47+06:015",India,b natural gas,2100,21.39233
663,EJ,"GCAM_SSP2,date=2022-3-12T23:02:47+06:015",India,c coal,1975,0.925422
664,EJ,"GCAM_SSP2,date=2022-3-12T23:02:47+06:015",India,c coal,1990,3.8650461899999997
665,EJ,"GCAM_SSP2,date=2022-3-12T23:02:47+06:015",India,c coal,2005,7.630201
666,EJ,"GCAM_SSP2,date=2022-3-12T23:02:47+06:015",India,c coal,2010,11.53345
667,EJ,"GCAM_SSP2,date=2022-3-12T23:02:47+06:015",India,c coal,2015,15.383180000000001
668,EJ,"GCAM_SSP2,date=2022-3-12T23:02:47+06:015",India,c coal,2020,21.520339999999997
669,EJ,"GCAM_SSP2,date=2022-3-12T23:02:47+06:015",India,c coal,2025,26.2915
670,EJ,"GCAM_SSP2,date=2022-3-12T23:02:47+06:015",India,c coal,2030,30.8562
671,EJ,"GCAM_SSP2,date=2022-3-12T23:02:47+06:015",India,c coal,2035,35.4137
672,EJ,"GCAM_SSP2,date=2022-3-12T23:02:47+06:015",India,c coal,2040,39.775000000000006
673,EJ,"GCAM_SSP2,date=2022-3-12T23:02:47+06:015",India,c coal,2045,43.936499999999995
674,EJ,"GCAM_SSP2,date=2022-3-12T23:02:47+06:015",India,c coal,2050,47.631600000000006
675,EJ,"GCAM_SSP2,date=2022-3-12T23:02:47+06:015",India,c coal,2055,51.069500000000005
676,EJ,"GCAM_SSP2,date=2022-3-12T23:02:47+06:015",India,c coal,2060,54.316100000000006
677,EJ,"GCAM_SSP2,date=2022-3-12T23:02:47+06:015",India,c coal,2065,57.403099999999995
678,EJ,"GCAM_SSP2,date=2022-3-12T23:02:47+06:015",India,c coal,2070,60.1761
679,EJ,"GCAM_SSP2,date=2022-3-12T23:02:47+06:015",India,c coal,2075,62.368700000000004
680,EJ,"GCAM_SSP2,date=2022-3-12T23:02:47+06:015",India,c coal,2080,61.507
681,EJ,"GCAM_SSP2,date=2022-3-12T23:02:47+06:015",India,c coal,2085,60.517799999999994
682,EJ,"GCAM_SSP2,date=2022-3-12T23:02:47+06:015",India,c coal,2090,58.8972
683,EJ,"GCAM_SSP2,date=2022-3-12T23:02:47+06:015",India,c coal,2095,56.8342
684,EJ,"GCAM_SSP2,date=2022-3-12T23:02:47+06:015",India,c coal,2100,54.8066
685,EJ,"GCAM_SSP2,date=2022-3-12T23:02:47+06:015",India,d biomass,1975,0.839795
686,EJ,"GCAM_SSP2,date=2022-3-12T23:02:47+06:015",India,d biomass,1990,1.34216
687,EJ,"GCAM_SSP2,date=2022-3-12T23:02:47+06:015",India,d biomass,2005,1.76761949
688,EJ,"GCAM_SSP2,date=2022-3-12T23:02:47+06:015",India,d biomass,2010,2.14514657
689,EJ,"GCAM_SSP2,date=2022-3-12T23:02:47+06:015",India,d biomass,2015,2.51013666
690,EJ,"GCAM_SSP2,date=2022-3-12T23:02:47+06:015",India,d biomass,2020,3.00559224
691,EJ,"GCAM_SSP2,date=2022-3-12T23:02:47+06:015",India,d biomass,2025,5.116441525000001
692,EJ,"GCAM_SSP2,date=2022-3-12T23:02:47+06:015",India,d biomass,2030,7.35979741
693,EJ,"GCAM_SSP2,date=2022-3-12T23:02:47+06:015",India,d biomass,2035,9.63486682
694,EJ,"GCAM_SSP2,date=2022-3-12T23:02:47+06:015",India,d biomass,2040,11.805598043
695,EJ,"GCAM_SSP2,date=2022-3-12T23:02:47+06:015",India,d biomass,2045,14.100801775999997
696,EJ,"GCAM_SSP2,date=2022-3-12T23:02:47+06:015",India,d biomass,2050,15.714587037
697,EJ,"GCAM_SSP2,date=2022-3-12T23:02:47+06:015",India,d biomass,2055,16.831079871200004
698,EJ,"GCAM_SSP2,date=2022-3-12T23:02:47+06:015",India,d biomass,2060,17.524857437999998
699,EJ,"GCAM_SSP2,date=2022-3-12T23:02:47+06:015",India,d biomass,2065,17.932473695000006
700,EJ,"GCAM_SSP2,date=2022-3-12T23:02:47+06:015",India,d biomass,2070,18.210676672
701,EJ,"GCAM_SSP2,date=2022-3-12T23:02:47+06:015",India,d biomass,2075,18.475553733
702,EJ,"GCAM_SSP2,date=2022-3-12T23:02:47+06:015",India,d biomass,2080,18.770034678000005
703,EJ,"GCAM_SSP2,date=2022-3-12T23:02:47+06:015",India,d biomass,2085,18.965681606999997
704,EJ,"GCAM_SSP2,date=2022-3-12T23:02:47+06:015",India,d biomass,2090,19.085287248000007
705,EJ,"GCAM_SSP2,date=2022-3-12T23:02:47+06:015",India,d biomass,2095,19.115350702000008
706,EJ,"GCAM_SSP2,date=2022-3-12T23:02:47+06:015",India,d biomass,2100,19.137090584000003
707,EJ,"GCAM_SSP2,date=2022-3-12T23:02:47+06:015",India,e nuclear,1990,0.06710192192806061
708,EJ,"GCAM_SSP2,date=2022-3-12T23:02:47+06:015",India,e nuclear,2005,0.1838777166657881
709,EJ,"GCAM_SSP2,date=2022-3-12T23:02:47+06:015",India,e nuclear,2010,0.2939312404959945
710,EJ,"GCAM_SSP2,date=2022-3-12T23:02:47+06:015",India,e nuclear,2015,0.38524250567571283
711,EJ,"GCAM_SSP2,date=2022-3-12T23:02:47+06:015",India,e nuclear,2020,0.6372943446067381
712,EJ,"GCAM_SSP2,date=2022-3-12T23:02:47+06:015",India,e nuclear,2025,0.9186373927335084
713,EJ,"GCAM_SSP2,date=2022-3-12T23:02:47+06:015",India,e nuclear,2030,1.2277398532088961
714,EJ,"GCAM_SSP2,date=2022-3-12T23:02:47+06:015",India,e nuclear,2035,1.5451392681737741
715,EJ,"GCAM_SSP2,date=2022-3-12T23:02:47+06:015",India,e nuclear,2040,1.8717366557351196
716,EJ,"GCAM_SSP2,date=2022-3-12T23:02:47+06:015",India,e nuclear,2045,2.2203507163759983
717,EJ,"GCAM_SSP2,date=2022-3-12T23:02:47+06:015",India,e nuclear,2050,2.5653378749044826
718,EJ,"GCAM_SSP2,date=2022-3-12T23:02:47+06:015",India,e nuclear,2055,2.903916625310473
719,EJ,"GCAM_SSP2,date=2022-3-12T23:02:47+06:015",India,e nuclear,2060,3.2379935646999027
720,EJ,"GCAM_SSP2,date=2022-3-12T23:02:47+06:015",India,e nuclear,2065,3.572224621860648
721,EJ,"GCAM_SSP2,date=2022-3-12T23:02:47+06:015",India,e nuclear,2070,3.896565763906703
722,EJ,"GCAM_SSP2,date=2022-3-12T23:02:47+06:015",India,e nuclear,2075,4.210210973232785
723,EJ,"GCAM_SSP2,date=2022-3-12T23:02:47+06:015",India,e nuclear,2080,4.344666868582644
724,EJ,"GCAM_SSP2,date=2022-3-12T23:02:47+06:015",India,e nuclear,2085,4.436588766076107
725,EJ,"GCAM_SSP2,date=2022-3-12T23:02:47+06:015",India,e nuclear,2090,4.478081472782645
726,EJ,"GCAM_SSP2,date=2022-3-12T23:02:47+06:015",India,e nuclear,2095,4.486737674084271
727,EJ,"GCAM_SSP2,date=2022-3-12T23:02:47+06:015",India,e nuclear,2100,4.465670528365218
728,EJ,"GCAM_SSP2,date=2022-3-12T23:02:47+06:015",India,f hydro,1990,0.7829782280190188
729,EJ,"GCAM_SSP2,date=2022-3-12T23:02:47+06:015",India,f hydro,2005,1.1476089699478234
730,EJ,"GCAM_SSP2,date=2022-3-12T23:02:47+06:015",India,f hydro,2010,1.3979361255925522
731,EJ,"GCAM_SSP2,date=2022-3-12T23:02:47+06:015",India,f hydro,2015,1.4064517520644777
732,EJ,"GCAM_SSP2,date=2022-3-12T23:02:47+06:015",India,f hydro,2020,1.444784657206353
733,EJ,"GCAM_SSP2,date=2022-3-12T23:02:47+06:015",India,f hydro,2025,1.5196338189715684
734,EJ,"GCAM_SSP2,date=2022-3-12T23:02:47+06:015",India,f hydro,2030,1.5916041700937722
735,EJ,"GCAM_SSP2,date=2022-3-12T23:02:47+06:015",India,f hydro,2035,1.660533456456632
736,EJ,"GCAM_SSP2,date=2022-3-12T23:02:47+06:015",India,f hydro,2040,1.7313483758450487
737,EJ,"GCAM_SSP2,date=2022-3-12T23:02:47+06:015",India,f hydro,2045,1.7995431947205365
738,EJ,"GCAM_SSP2,date=2022-3-12T23:02:47+06:015",India,f hydro,2050,1.868298010960916
739,EJ,"GCAM_SSP2,date=2022-3-12T23:02:47+06:015",India,f hydro,2055,1.9398749532971835
740,EJ,"GCAM_SSP2,date=2022-3-12T23:02:47+06:015",India,f hydro,2060,2.015451255900792
741,EJ,"GCAM_SSP2,date=2022-3-12T23:02:47+06:015",India,f hydro,2065,2.0937791992367383
742,EJ,"GCAM_SSP2,date=2022-3-12T23:02:47+06:015",India,f hydro,2070,2.177226916808902
743,EJ,"GCAM_SSP2,date=2022-3-12T23:02:47+06:015",India,f hydro,2075,2.262643727933764
744,EJ,"GCAM_SSP2,date=2022-3-12T23:02:47+06:015",India,f hydro,2080,2.3234624394415517
745,EJ,"GCAM_SSP2,date=2022-3-12T23:02:47+06:015",India,f hydro,2085,2.3889477863244326
746,EJ,"GCAM_SSP2,date=2022-3-12T23:02:47+06:015",India,f hydro,2090,2.4524044974579264
747,EJ,"GCAM_SSP2,date=2022-3-12T23:02:47+06:015",India,f hydro,2095,2.514736662597969
748,EJ,"GCAM_SSP2,date=2022-3-12T23:02:47+06:015",India,f hydro,2100,2.5785811101532667
749,EJ,"GCAM_SSP2,date=2022-3-12T23:02:47+06:015",India,g wind,1990,0.000349660383575
750,EJ,"GCAM_SSP2,date=2022-3-12T23:02:47+06:015",India,g wind,2005,0.0659236247486135
751,EJ,"GCAM_SSP2,date=2022-3-12T23:02:47+06:015",India,g wind,2010,0.2199730682414072
752,EJ,"GCAM_SSP2,date=2022-3-12T23:02:47+06:015",India,g wind,2015,0.4289920847719776
753,EJ,"GCAM_SSP2,date=2022-3-12T23:02:47+06:015",India,g wind,2020,0.9057705703095674
754,EJ,"GCAM_SSP2,date=2022-3-12T23:02:47+06:015",India,g wind,2025,1.782193967285059
755,EJ,"GCAM_SSP2,date=2022-3-12T23:02:47+06:015",India,g wind,2030,3.1360116337850585
756,EJ,"GCAM_SSP2,date=2022-3-12T23:02:47+06:015",India,g wind,2035,4.879780799651716
757,EJ,"GCAM_SSP2,date=2022-3-12T23:02:47+06:015",India,g wind,2040,6.740205024661997
758,EJ,"GCAM_SSP2,date=2022-3-12T23:02:47+06:015",India,g wind,2045,8.430340744496917
759,EJ,"GCAM_SSP2,date=2022-3-12T23:02:47+06:015",India,g wind,2050,10.015359969929191
760,EJ,"GCAM_SSP2,date=2022-3-12T23:02:47+06:015",India,g wind,2055,11.331542674451692
761,EJ,"GCAM_SSP2,date=2022-3-12T23:02:47+06:015",India,g wind,2060,12.325014659260196
762,EJ,"GCAM_SSP2,date=2022-3-12T23:02:47+06:015",India,g wind,2065,13.0786120438982
763,EJ,"GCAM_SSP2,date=2022-3-12T23:02:47+06:015",India,g wind,2070,13.747797250515479
764,EJ,"GCAM_SSP2,date=2022-3-12T23:02:47+06:015",India,g wind,2075,14.324616376770399
765,EJ,"GCAM_SSP2,date=2022-3-12T23:02:47+06:015",India,g wind,2080,15.393733662018757
766,EJ,"GCAM_SSP2,date=2022-3-12T23:02:47+06:015",India,g wind,2085,16.16347657469362
767,EJ,"GCAM_SSP2,date=2022-3-12T23:02:47+06:015",India,g wind,2090,16.72920590122857
768,EJ,"GCAM_SSP2,date=2022-3-12T23:02:47+06:015",India,g wind,2095,17.099365577518018
769,EJ,"GCAM_SSP2,date=2022-3-12T23:02:47+06:015",India,g wind,2100,17.32782500901027
770,EJ,"GCAM_SSP2,date=2022-3-12T23:02:47+06:015",India,h solar,2005,3.18420241564e-05
771,EJ,"GCAM_SSP2,date=2022-3-12T23:02:47+06:015",India,h solar,2010,0.0014100125151778
772,EJ,"GCAM_SSP2,date=2022-3-12T23:02:47+06:015",India,h solar,2015,0.1072920996431244
773,EJ,"GCAM_SSP2,date=2022-3-12T23:02:47+06:015",India,h solar,2020,0.5857007522201418
774,EJ,"GCAM_SSP2,date=2022-3-12T23:02:47+06:015",India,h solar,2025,2.420605318739937
775,EJ,"GCAM_SSP2,date=2022-3-12T23:02:47+06:015",India,h solar,2030,4.766833719271901
776,EJ,"GCAM_SSP2,date=2022-3-12T23:02:47+06:015",India,h solar,2035,7.259593005115765
777,EJ,"GCAM_SSP2,date=2022-3-12T23:02:47+06:015",India,h solar,2040,9.773207864739108
778,EJ,"GCAM_SSP2,date=2022-3-12T23:02:47+06:015",India,h solar,2045,12.287178403186065
779,EJ,"GCAM_SSP2,date=2022-3-12T23:02:47+06:015",India,h solar,2050,14.659607884804636
780,EJ,"GCAM_SSP2,date=2022-3-12T23:02:47+06:015",India,h solar,2055,16.64386521572037
781,EJ,"GCAM_SSP2,date=2022-3-12T23:02:47+06:015",India,h solar,2060,18.235382992595454
782,EJ,"GCAM_SSP2,date=2022-3-12T23:02:47+06:015",India,h solar,2065,19.58799829341868
783,EJ,"GCAM_SSP2,date=2022-3-12T23:02:47+06:015",India,h solar,2070,20.64977342704739
784,EJ,"GCAM_SSP2,date=2022-3-12T23:02:47+06:015",India,h solar,2075,21.64370821068297
785,EJ,"GCAM_SSP2,date=2022-3-12T23:02:47+06:015",India,h solar,2080,22.726931904058315
786,EJ,"GCAM_SSP2,date=2022-3-12T23:02:47+06:015",India,h solar,2085,23.512395272486824
787,EJ,"GCAM_SSP2,date=2022-3-12T23:02:47+06:015",India,h solar,2090,24.103979911837463
788,EJ,"GCAM_SSP2,date=2022-3-12T23:02:47+06:015",India,h solar,2095,24.45117456585215
789,EJ,"GCAM_SSP2,date=2022-3-12T23:02:47+06:015",India,h solar,2100,24.71482841160667
790,EJ,"GCAM_SSP2,date=2022-3-12T23:02:47+06:015",India,i geothermal,2020,0.0854654171034969
791,EJ,"GCAM_SSP2,date=2022-3-12T23:02:47+06:015",India,i geothermal,2025,0.1429124728584485
792,EJ,"GCAM_SSP2,date=2022-3-12T23:02:47+06:015",India,i geothermal,2030,0.1378819377736643
793,EJ,"GCAM_SSP2,date=2022-3-12T23:02:47+06:015",India,i geothermal,2035,0.1333112241153978
794,EJ,"GCAM_SSP2,date=2022-3-12T23:02:47+06:015",India,i geothermal,2040,0.12951261451394996
795,EJ,"GCAM_SSP2,date=2022-3-12T23:02:47+06:015",India,i geothermal,2045,0.12601089760734568
796,EJ,"GCAM_SSP2,date=2022-3-12T23:02:47+06:015",India,i geothermal,2050,0.12295586946266891
797,EJ,"GCAM_SSP2,date=2022-3-12T23:02:47+06:015",India,i geothermal,2055,0.12042789727589591
798,EJ,"GCAM_SSP2,date=2022-3-12T23:02:47+06:015",India,i geothermal,2060,0.11840680300976159
799,EJ,"GCAM_SSP2,date=2022-3-12T23:02:47+06:015",India,i geothermal,2065,0.1167459180713333
800,EJ,"GCAM_SSP2,date=2022-3-12T23:02:47+06:015",India,i geothermal,2070,0.1155218266772507
801,EJ,"GCAM_SSP2,date=2022-3-12T23:02:47+06:015",India,i geothermal,2075,0.1145127837570431
802,EJ,"GCAM_SSP2,date=2022-3-12T23:02:47+06:015",India,i geothermal,2080,0.11240854808059741
803,EJ,"GCAM_SSP2,date=2022-3-12T23:02:47+06:015",India,i geothermal,2085,0.11069290742540261
804,EJ,"GCAM_SSP2,date=2022-3-12T23:02:47+06:015",India,i geothermal,2090,0.10903540072783442
805,EJ,"GCAM_SSP2,date=2022-3-12T23:02:47+06:015",India,i geothermal,2095,0.10746139953484149
806,EJ,"GCAM_SSP2,date=2022-3-12T23:02:47+06:015",India,i geothermal,2100,0.10607456282979728
807,EJ,"GCAM_SSP2,date=2022-3-12T23:02:47+06:015",India,j traditional biomass,1990,4.24548466
808,EJ,"GCAM_SSP2,date=2022-3-12T23:02:47+06:015",India,j traditional biomass,2005,4.902558
809,EJ,"GCAM_SSP2,date=2022-3-12T23:02:47+06:015",India,j traditional biomass,2010,5.6123382500000005
810,EJ,"GCAM_SSP2,date=2022-3-12T23:02:47+06:015",India,j traditional biomass,2015,5.02964908
811,EJ,"GCAM_SSP2,date=2022-3-12T23:02:47+06:015",India,j traditional biomass,2020,4.9635460899999995
812,EJ,"GCAM_SSP2,date=2022-3-12T23:02:47+06:015",India,j traditional biomass,2025,4.616144520000001
813,EJ,"GCAM_SSP2,date=2022-3-12T23:02:47+06:015",India,j traditional biomass,2030,4.12809863
814,EJ,"GCAM_SSP2,date=2022-3-12T23:02:47+06:015",India,j traditional biomass,2035,3.62758687
815,EJ,"GCAM_SSP2,date=2022-3-12T23:02:47+06:015",India,j traditional biomass,2040,3.1537246899999998
816,EJ,"GCAM_SSP2,date=2022-3-12T23:02:47+06:015",India,j traditional biomass,2045,2.6890861999999998
817,EJ,"GCAM_SSP2,date=2022-3-12T23:02:47+06:015",India,j traditional biomass,2050,2.2629877
818,EJ,"GCAM_SSP2,date=2022-3-12T23:02:47+06:015",India,j traditional biomass,2055,1.87299059
819,EJ,"GCAM_SSP2,date=2022-3-12T23:02:47+06:015",India,j traditional biomass,2060,1.51307981
820,EJ,"GCAM_SSP2,date=2022-3-12T23:02:47+06:015",India,j traditional biomass,2065,1.20156603
821,EJ,"GCAM_SSP2,date=2022-3-12T23:02:47+06:015",India,j traditional biomass,2070,0.94753558
822,EJ,"GCAM_SSP2,date=2022-3-12T23:02:47+06:015",India,j traditional biomass,2075,0.74371624
823,EJ,"GCAM_SSP2,date=2022-3-12T23:02:47+06:015",India,j traditional biomass,2080,0.5859332819999999
824,EJ,"GCAM_SSP2,date=2022-3-12T23:02:47+06:015",India,j traditional biomass,2085,0.45895716
825,EJ,"GCAM_SSP2,date=2022-3-12T23:02:47+06:015",India,j traditional biomass,2090,0.358423992
826,EJ,"GCAM_SSP2,date=2022-3-12T23:02:47+06:015",India,j traditional biomass,2095,0.28004212199999995
827,EJ,"GCAM_SSP2,date=2022-3-12T23:02:47+06:015",India,j traditional biomass,2100,0.222122984
828,EJ,"GCAM_SSP2,date=2022-3-12T23:02:47+06:015",South Asia,a oil,1990,0.228867
829,EJ,"GCAM_SSP2,date=2022-3-12T23:02:47+06:015",South Asia,a oil,2005,0.535431
830,EJ,"GCAM_SSP2,date=2022-3-12T23:02:47+06:015",South Asia,a oil,2010,0.579267
831,EJ,"GCAM_SSP2,date=2022-3-12T23:02:47+06:015",South Asia,a oil,2015,0.793329
832,EJ,"GCAM_SSP2,date=2022-3-12T23:02:47+06:015",South Asia,a oil,2020,0.953424
833,EJ,"GCAM_SSP2,date=2022-3-12T23:02:47+06:015",South Asia,a oil,2025,1.098735
834,EJ,"GCAM_SSP2,date=2022-3-12T23:02:47+06:015",South Asia,a oil,2030,1.192528
835,EJ,"GCAM_SSP2,date=2022-3-12T23:02:47+06:015",South Asia,a oil,2035,1.275468
836,EJ,"GCAM_SSP2,date=2022-3-12T23:02:47+06:015",South Asia,a oil,2040,1.37151
837,EJ,"GCAM_SSP2,date=2022-3-12T23:02:47+06:015",South Asia,a oil,2045,1.4843929999999999
838,EJ,"GCAM_SSP2,date=2022-3-12T23:02:47+06:015",South Asia,a oil,2050,1.6602999999999999
839,EJ,"GCAM_SSP2,date=2022-3-12T23:02:47+06:015",South Asia,a oil,2055,1.894286
840,EJ,"GCAM_SSP2,date=2022-3-12T23:02:47+06:015",South Asia,a oil,2060,2.156622
841,EJ,"GCAM_SSP2,date=2022-3-12T23:02:47+06:015",South Asia,a oil,2065,2.437139
842,EJ,"GCAM_SSP2,date=2022-3-12T23:02:47+06:015",South Asia,a oil,2070,2.725631
843,EJ,"GCAM_SSP2,date=2022-3-12T23:02:47+06:015",South Asia,a oil,2075,3.004458
844,EJ,"GCAM_SSP2,date=2022-3-12T23:02:47+06:015",South Asia,a oil,2080,3.291368
845,EJ,"GCAM_SSP2,date=2022-3-12T23:02:47+06:015",South Asia,a oil,2085,3.5639339999999997
846,EJ,"GCAM_SSP2,date=2022-3-12T23:02:47+06:015",South Asia,a oil,2090,3.824579
847,EJ,"GCAM_SSP2,date=2022-3-12T23:02:47+06:015",South Asia,a oil,2095,4.07332
848,EJ,"GCAM_SSP2,date=2022-3-12T23:02:47+06:015",South Asia,a oil,2100,4.312998
849,EJ,"GCAM_SSP2,date=2022-3-12T23:02:47+06:015",South Asia,b natural gas,1975,0.00971149
850,EJ,"GCAM_SSP2,date=2022-3-12T23:02:47+06:015",South Asia,b natural gas,1990,0.16149178
851,EJ,"GCAM_SSP2,date=2022-3-12T23:02:47+06:015",South Asia,b natural gas,2005,0.444868
852,EJ,"GCAM_SSP2,date=2022-3-12T23:02:47+06:015",South Asia,b natural gas,2010,0.730371
853,EJ,"GCAM_SSP2,date=2022-3-12T23:02:47+06:015",South Asia,b natural gas,2015,0.9141840899
854,EJ,"GCAM_SSP2,date=2022-3-12T23:02:47+06:015",South Asia,b natural gas,2020,1.2412005
855,EJ,"GCAM_SSP2,date=2022-3-12T23:02:47+06:015",South Asia,b natural gas,2025,1.488193
856,EJ,"GCAM_SSP2,date=2022-3-12T23:02:47+06:015",South Asia,b natural gas,2030,1.7947700000000002
857,EJ,"GCAM_SSP2,date=2022-3-12T23:02:47+06:015",South Asia,b natural gas,2035,2.057045
858,EJ,"GCAM_SSP2,date=2022-3-12T23:02:47+06:015",South Asia,b natural gas,2040,2.37833
859,EJ,"GCAM_SSP2,date=2022-3-12T23:02:47+06:015",South Asia,b natural gas,2045,2.78662
860,EJ,"GCAM_SSP2,date=2022-3-12T23:02:47+06:015",South Asia,b natural gas,2050,3.18013
861,EJ,"GCAM_SSP2,date=2022-3-12T23:02:47+06:015",South Asia,b natural gas,2055,3.5941799999999997
862,EJ,"GCAM_SSP2,date=2022-3-12T23:02:47+06:015",South Asia,b natural gas,2060,4.0667100000000005
863,EJ,"GCAM_SSP2,date=2022-3-12T23:02:47+06:015",South Asia,b natural gas,2065,4.4151
864,EJ,"GCAM_SSP2,date=2022-3-12T23:02:47+06:015",South Asia,b natural gas,2070,4.71049
865,EJ,"GCAM_SSP2,date=2022-3-12T23:02:47+06:015",South Asia,b natural gas,2075,5.03491
866,EJ,"GCAM_SSP2,date=2022-3-12T23:02:47+06:015",South Asia,b natural gas,2080,5.32448
867,EJ,"GCAM_SSP2,date=2022-3-12T23:02:47+06:015",South Asia,b natural gas,2085,5.63572
868,EJ,"GCAM_SSP2,date=2022-3-12T23:02:47+06:015",South Asia,b natural gas,2090,5.97622
869,EJ,"GCAM_SSP2,date=2022-3-12T23:02:47+06:015",South Asia,b natural gas,2095,6.33245
870,EJ,"GCAM_SSP2,date=2022-3-12T23:02:47+06:015",South Asia,b natural gas,2100,6.84502
871,EJ,"GCAM_SSP2,date=2022-3-12T23:02:47+06:015",South Asia,c coal,1975,0.03615492
872,EJ,"GCAM_SSP2,date=2022-3-12T23:02:47+06:015",South Asia,c coal,1990,0.01845889
873,EJ,"GCAM_SSP2,date=2022-3-12T23:02:47+06:015",South Asia,c coal,2005,0.0442512
874,EJ,"GCAM_SSP2,date=2022-3-12T23:02:47+06:015",South Asia,c coal,2010,0.07859569999999999
875,EJ,"GCAM_SSP2,date=2022-3-12T23:02:47+06:015",South Asia,c coal,2015,0.2592964
876,EJ,"GCAM_SSP2,date=2022-3-12T23:02:47+06:015",South Asia,c coal,2020,0.3948546
877,EJ,"GCAM_SSP2,date=2022-3-12T23:02:47+06:015",South Asia,c coal,2025,0.555974
878,EJ,"GCAM_SSP2,date=2022-3-12T23:02:47+06:015",South Asia,c coal,2030,0.731795
879,EJ,"GCAM_SSP2,date=2022-3-12T23:02:47+06:015",South Asia,c coal,2035,0.919006
880,EJ,"GCAM_SSP2,date=2022-3-12T23:02:47+06:015",South Asia,c coal,2040,1.138412
881,EJ,"GCAM_SSP2,date=2022-3-12T23:02:47+06:015",South Asia,c coal,2045,1.379761
882,EJ,"GCAM_SSP2,date=2022-3-12T23:02:47+06:015",South Asia,c coal,2050,1.653416
883,EJ,"GCAM_SSP2,date=2022-3-12T23:02:47+06:015",South Asia,c coal,2055,1.955432
884,EJ,"GCAM_SSP2,date=2022-3-12T23:02:47+06:015",South Asia,c coal,2060,2.266842
885,EJ,"GCAM_SSP2,date=2022-3-12T23:02:47+06:015",South Asia,c coal,2065,2.593415
886,EJ,"GCAM_SSP2,date=2022-3-12T23:02:47+06:015",South Asia,c coal,2070,2.9248000000000003
887,EJ,"GCAM_SSP2,date=2022-3-12T23:02:47+06:015",South Asia,c coal,2075,3.2453030000000003
888,EJ,"GCAM_SSP2,date=2022-3-12T23:02:47+06:015",South Asia,c coal,2080,3.508455
889,EJ,"GCAM_SSP2,date=2022-3-12T23:02:47+06:015",South Asia,c coal,2085,3.7608
890,EJ,"GCAM_SSP2,date=2022-3-12T23:02:47+06:015",South Asia,c coal,2090,3.9969300000000003
891,EJ,"GCAM_SSP2,date=2022-3-12T23:02:47+06:015",South Asia,c coal,2095,4.239881
892,EJ,"GCAM_SSP2,date=2022-3-12T23:02:47+06:015",South Asia,c coal,2100,4.471811
893,EJ,"GCAM_SSP2,date=2022-3-12T23:02:47+06:015",South Asia,d biomass,1975,0.0198284
894,EJ,"GCAM_SSP2,date=2022-3-12T23:02:47+06:015",South Asia,d biomass,1990,0.045244
895,EJ,"GCAM_SSP2,date=2022-3-12T23:02:47+06:015",South Asia,d biomass,2005,0.0982291
896,EJ,"GCAM_SSP2,date=2022-3-12T23:02:47+06:015",South Asia,d biomass,2010,0.106829
897,EJ,"GCAM_SSP2,date=2022-3-12T23:02:47+06:015",South Asia,d biomass,2015,0.137882
898,EJ,"GCAM_SSP2,date=2022-3-12T23:02:47+06:015",South Asia,d biomass,2020,0.221696426
899,EJ,"GCAM_SSP2,date=2022-3-12T23:02:47+06:015",South Asia,d biomass,2025,0.38977211230000003
900,EJ,"GCAM_SSP2,date=2022-3-12T23:02:47+06:015",South Asia,d biomass,2030,0.560534072
901,EJ,"GCAM_SSP2,date=2022-3-12T23:02:47+06:015",South Asia,d biomass,2035,0.7765981499999999
902,EJ,"GCAM_SSP2,date=2022-3-12T23:02:47+06:015",South Asia,d biomass,2040,1.0371552000000002
903,EJ,"GCAM_SSP2,date=2022-3-12T23:02:47+06:015",South Asia,d biomass,2045,1.3026241192000003
904,EJ,"GCAM_SSP2,date=2022-3-12T23:02:47+06:015",South Asia,d biomass,2050,1.5502263155000002
905,EJ,"GCAM_SSP2,date=2022-3-12T23:02:47+06:015",South Asia,d biomass,2055,1.7802566435
906,EJ,"GCAM_SSP2,date=2022-3-12T23:02:47+06:015",South Asia,d biomass,2060,1.9789979296299998
907,EJ,"GCAM_SSP2,date=2022-3-12T23:02:47+06:015",South Asia,d biomass,2065,2.184103067600001
908,EJ,"GCAM_SSP2,date=2022-3-12T23:02:47+06:015",South Asia,d biomass,2070,2.3968562627999996
909,EJ,"GCAM_SSP2,date=2022-3-12T23:02:47+06:015",South Asia,d biomass,2075,2.5613413072999998
910,EJ,"GCAM_SSP2,date=2022-3-12T23:02:47+06:015",South Asia,d biomass,2080,2.7079921058000003
911,EJ,"GCAM_SSP2,date=2022-3-12T23:02:47+06:015",South Asia,d biomass,2085,2.7893148465
912,EJ,"GCAM_SSP2,date=2022-3-12T23:02:47+06:015",South Asia,d biomass,2090,2.7996288542
913,EJ,"GCAM_SSP2,date=2022-3-12T23:02:47+06:015",South Asia,d biomass,2095,2.7336106760999996
914,EJ,"GCAM_SSP2,date=2022-3-12T23:02:47+06:015",South Asia,d biomass,2100,2.5187321275
915,EJ,"GCAM_SSP2,date=2022-3-12T23:02:47+06:015",South Asia,e nuclear,2020,0.0096020731081536
916,EJ,"GCAM_SSP2,date=2022-3-12T23:02:47+06:015",South Asia,e nuclear,2025,0.02945013044371545
917,EJ,"GCAM_SSP2,date=2022-3-12T23:02:47+06:015",South Asia,e nuclear,2030,0.05889006147035245
918,EJ,"GCAM_SSP2,date=2022-3-12T23:02:47+06:015",South Asia,e nuclear,2035,0.09662864351481032
919,EJ,"GCAM_SSP2,date=2022-3-12T23:02:47+06:015",South Asia,e nuclear,2040,0.1440613365587713
920,EJ,"GCAM_SSP2,date=2022-3-12T23:02:47+06:015",South Asia,e nuclear,2045,0.1964445684108025
921,EJ,"GCAM_SSP2,date=2022-3-12T23:02:47+06:015",South Asia,e nuclear,2050,0.25749447151947025
922,EJ,"GCAM_SSP2,date=2022-3-12T23:02:47+06:015",South Asia,e nuclear,2055,0.3234228561043197
923,EJ,"GCAM_SSP2,date=2022-3-12T23:02:47+06:015",South Asia,e nuclear,2060,0.3933418812448653
924,EJ,"GCAM_SSP2,date=2022-3-12T23:02:47+06:015",South Asia,e nuclear,2065,0.46933451495443645
925,EJ,"GCAM_SSP2,date=2022-3-12T23:02:47+06:015",South Asia,e nuclear,2070,0.5505139420237017
926,EJ,"GCAM_SSP2,date=2022-3-12T23:02:47+06:015",South Asia,e nuclear,2075,0.6320482383571936
927,EJ,"GCAM_SSP2,date=2022-3-12T23:02:47+06:015",South Asia,e nuclear,2080,0.7080813625936747
928,EJ,"GCAM_SSP2,date=2022-3-12T23:02:47+06:015",South Asia,e nuclear,2085,0.7780721765300544
929,EJ,"GCAM_SSP2,date=2022-3-12T23:02:47+06:015",South Asia,e nuclear,2090,0.8383896355893353
930,EJ,"GCAM_SSP2,date=2022-3-12T23:02:47+06:015",South Asia,e nuclear,2095,0.8907709644210783
931,EJ,"GCAM_SSP2,date=2022-3-12T23:02:47+06:015",South Asia,e nuclear,2100,0.9309329861727969
932,EJ,"GCAM_SSP2,date=2022-3-12T23:02:47+06:015",South Asia,f hydro,1990,0.0773844031415831
933,EJ,"GCAM_SSP2,date=2022-3-12T23:02:47+06:015",South Asia,f hydro,2005,0.1191301745309601
934,EJ,"GCAM_SSP2,date=2022-3-12T23:02:47+06:015",South Asia,f hydro,2010,0.1870463348886048
935,EJ,"GCAM_SSP2,date=2022-3-12T23:02:47+06:015",South Asia,f hydro,2015,0.2642293707399049
936,EJ,"GCAM_SSP2,date=2022-3-12T23:02:47+06:015",South Asia,f hydro,2020,0.2592434555129098
937,EJ,"GCAM_SSP2,date=2022-3-12T23:02:47+06:015",South Asia,f hydro,2025,0.2593262028676388
938,EJ,"GCAM_SSP2,date=2022-3-12T23:02:47+06:015",South Asia,f hydro,2030,0.2596787331593407
939,EJ,"GCAM_SSP2,date=2022-3-12T23:02:47+06:015",South Asia,f hydro,2035,0.2614302075084849
940,EJ,"GCAM_SSP2,date=2022-3-12T23:02:47+06:015",South Asia,f hydro,2040,0.2651419834401997
941,EJ,"GCAM_SSP2,date=2022-3-12T23:02:47+06:015",South Asia,f hydro,2045,0.271942520693367
942,EJ,"GCAM_SSP2,date=2022-3-12T23:02:47+06:015",South Asia,f hydro,2050,0.2800700643634635
943,EJ,"GCAM_SSP2,date=2022-3-12T23:02:47+06:015",South Asia,f hydro,2055,0.2892739523077819
944,EJ,"GCAM_SSP2,date=2022-3-12T23:02:47+06:015",South Asia,f hydro,2060,0.2990663945296744
945,EJ,"GCAM_SSP2,date=2022-3-12T23:02:47+06:015",South Asia,f hydro,2065,0.3083323185646118
946,EJ,"GCAM_SSP2,date=2022-3-12T23:02:47+06:015",South Asia,f hydro,2070,0.318931545738221
947,EJ,"GCAM_SSP2,date=2022-3-12T23:02:47+06:015",South Asia,f hydro,2075,0.3302260010261662
948,EJ,"GCAM_SSP2,date=2022-3-12T23:02:47+06:015",South Asia,f hydro,2080,0.3411817129409839
949,EJ,"GCAM_SSP2,date=2022-3-12T23:02:47+06:015",South Asia,f hydro,2085,0.352603835254707
950,EJ,"GCAM_SSP2,date=2022-3-12T23:02:47+06:015",South Asia,f hydro,2090,0.3643132141907766
951,EJ,"GCAM_SSP2,date=2022-3-12T23:02:47+06:015",South Asia,f hydro,2095,0.3762282283868601
952,EJ,"GCAM_SSP2,date=2022-3-12T23:02:47+06:015",South Asia,f hydro,2100,0.3878974353898801
953,EJ,"GCAM_SSP2,date=2022-3-12T23:02:47+06:015",South Asia,g wind,2005,0.0001302141291752
954,EJ,"GCAM_SSP2,date=2022-3-12T23:02:47+06:015",South Asia,g wind,2010,0.0009257363873293
955,EJ,"GCAM_SSP2,date=2022-3-12T23:02:47+06:015",South Asia,g wind,2015,0.0040341844521921
956,EJ,"GCAM_SSP2,date=2022-3-12T23:02:47+06:015",South Asia,g wind,2020,0.062227035570174206
957,EJ,"GCAM_SSP2,date=2022-3-12T23:02:47+06:015",South Asia,g wind,2025,0.19171793713331278
958,EJ,"GCAM_SSP2,date=2022-3-12T23:02:47+06:015",South Asia,g wind,2030,0.37940790234848537
959,EJ,"GCAM_SSP2,date=2022-3-12T23:02:47+06:015",South Asia,g wind,2035,0.6015911119163205
960,EJ,"GCAM_SSP2,date=2022-3-12T23:02:47+06:015",South Asia,g wind,2040,0.8711473394587558
961,EJ,"GCAM_SSP2,date=2022-3-12T23:02:47+06:015",South Asia,g wind,2045,1.1538908205174327
962,EJ,"GCAM_SSP2,date=2022-3-12T23:02:47+06:015",South Asia,g wind,2050,1.4293725217104407
963,EJ,"GCAM_SSP2,date=2022-3-12T23:02:47+06:015",South Asia,g wind,2055,1.698261882466656
964,EJ,"GCAM_SSP2,date=2022-3-12T23:02:47+06:015",South Asia,g wind,2060,1.9668248133820831
965,EJ,"GCAM_SSP2,date=2022-3-12T23:02:47+06:015",South Asia,g wind,2065,2.2524731378873124
966,EJ,"GCAM_SSP2,date=2022-3-12T23:02:47+06:015",South Asia,g wind,2070,2.539192594777243
967,EJ,"GCAM_SSP2,date=2022-3-12T23:02:47+06:015",South Asia,g wind,2075,2.8230241429645715
968,EJ,"GCAM_SSP2,date=2022-3-12T23:02:47+06:015",South Asia,g wind,2080,3.0956248571401837
969,EJ,"GCAM_SSP2,date=2022-3-12T23:02:47+06:015",South Asia,g wind,2085,3.348499251930114
970,EJ,"GCAM_SSP2,date=2022-3-12T23:02:47+06:015",South Asia,g wind,2090,3.558493606944932
971,EJ,"GCAM_SSP2,date=2022-3-12T23:02:47+06:015",South Asia,g wind,2095,3.7354512452551467
972,EJ,"GCAM_SSP2,date=2022-3-12T23:02:47+06:015",South Asia,g wind,2100,3.884066445253556
973,EJ,"GCAM_SSP2,date=2022-3-12T23:02:47+06:015",South Asia,h solar,2005,0.0013236619469064
974,EJ,"GCAM_SSP2,date=2022-3-12T23:02:47+06:015",South Asia,h solar,2010,0.0015262552232227
975,EJ,"GCAM_SSP2,date=2022-3-12T23:02:47+06:015",South Asia,h solar,2015,0.0020480075219902
976,EJ,"GCAM_SSP2,date=2022-3-12T23:02:47+06:015",South Asia,h solar,2020,0.03801806847133358
977,EJ,"GCAM_SSP2,date=2022-3-12T23:02:47+06:015",South Asia,h solar,2025,0.17756982857475442
978,EJ,"GCAM_SSP2,date=2022-3-12T23:02:47+06:015",South Asia,h solar,2030,0.348622898575661
979,EJ,"GCAM_SSP2,date=2022-3-12T23:02:47+06:015",South Asia,h solar,2035,0.5332058028278748
980,EJ,"GCAM_SSP2,date=2022-3-12T23:02:47+06:015",South Asia,h solar,2040,0.7518639335102649
981,EJ,"GCAM_SSP2,date=2022-3-12T23:02:47+06:015",South Asia,h solar,2045,0.9875444219251368
982,EJ,"GCAM_SSP2,date=2022-3-12T23:02:47+06:015",South Asia,h solar,2050,1.238733879148241
983,EJ,"GCAM_SSP2,date=2022-3-12T23:02:47+06:015",South Asia,h solar,2055,1.4870932047315977
984,EJ,"GCAM_SSP2,date=2022-3-12T23:02:47+06:015",South Asia,h solar,2060,1.7362539605495335
985,EJ,"GCAM_SSP2,date=2022-3-12T23:02:47+06:015",South Asia,h solar,2065,2.003689328141593
986,EJ,"GCAM_SSP2,date=2022-3-12T23:02:47+06:015",South Asia,h solar,2070,2.265400694447435
987,EJ,"GCAM_SSP2,date=2022-3-12T23:02:47+06:015",South Asia,h solar,2075,2.5310675075878506
988,EJ,"GCAM_SSP2,date=2022-3-12T23:02:47+06:015",South Asia,h solar,2080,2.7941747420056013
989,EJ,"GCAM_SSP2,date=2022-3-12T23:02:47+06:015",South Asia,h solar,2085,3.0410117916573816
990,EJ,"GCAM_SSP2,date=2022-3-12T23:02:47+06:015",South Asia,h solar,2090,3.266288824765387
991,EJ,"GCAM_SSP2,date=2022-3-12T23:02:47+06:015",South Asia,h solar,2095,3.4666741177272975
992,EJ,"GCAM_SSP2,date=2022-3-12T23:02:47+06:015",South Asia,h solar,2100,3.6446490152193096
993,EJ,"GCAM_SSP2,date=2022-3-12T23:02:47+06:015",South Asia,i geothermal,2020,0.0179357321822685
994,EJ,"GCAM_SSP2,date=2022-3-12T23:02:47+06:015",South Asia,i geothermal,2025,0.047833479879418
995,EJ,"GCAM_SSP2,date=2022-3-12T23:02:47+06:015",South Asia,i geothermal,2030,0.08100834818577679
996,EJ,"GCAM_SSP2,date=2022-3-12T23:02:47+06:015",South Asia,i geothermal,2035,0.1119799161902725
997,EJ,"GCAM_SSP2,date=2022-3-12T23:02:47+06:015",South Asia,i geothermal,2040,0.1411061244012537
998,EJ,"GCAM_SSP2,date=2022-3-12T23:02:47+06:015",South Asia,i geothermal,2045,0.1632797671360876
999,EJ,"GCAM_SSP2,date=2022-3-12T23:02:47+06:015",South Asia,i geothermal,2050,0.1638573169237873
1000,EJ,"GCAM_SSP2,date=2022-3-12T23:02:47+06:015",South Asia,i geothermal,2055,0.160483831641199
1001,EJ,"GCAM_SSP2,date=2022-3-12T23:02:47+06:015",South Asia,i geothermal,2060,0.1577619420176768
1002,EJ,"GCAM_SSP2,date=2022-3-12T23:02:47+06:015",South Asia,i geothermal,2065,0.15504552295695612
1003,EJ,"GCAM_SSP2,date=2022-3-12T23:02:47+06:015",South Asia,i geothermal,2070,0.1532201755327824
1004,EJ,"GCAM_SSP2,date=2022-3-12T23:02:47+06:015",South Asia,i geothermal,2075,0.15187739095771371
1005,EJ,"GCAM_SSP2,date=2022-3-12T23:02:47+06:015",South Asia,i geothermal,2080,0.15050034229012102
1006,EJ,"GCAM_SSP2,date=2022-3-12T23:02:47+06:015",South Asia,i geothermal,2085,0.1494297470920006
1007,EJ,"GCAM_SSP2,date=2022-3-12T23:02:47+06:015",South Asia,i geothermal,2090,0.14856116266268862
1008,EJ,"GCAM_SSP2,date=2022-3-12T23:02:47+06:015",South Asia,i geothermal,2095,0.1478409719454368
1009,EJ,"GCAM_SSP2,date=2022-3-12T23:02:47+06:015",South Asia,i geothermal,2100,0.1470842369834375
1010,EJ,"GCAM_SSP2,date=2022-3-12T23:02:47+06:015",South Asia,j traditional biomass,1990,0.7062679
1011,EJ,"GCAM_SSP2,date=2022-3-12T23:02:47+06:015",South Asia,j traditional biomass,2005,0.8891226
1012,EJ,"GCAM_SSP2,date=2022-3-12T23:02:47+06:015",South Asia,j traditional biomass,2010,0.950621
1013,EJ,"GCAM_SSP2,date=2022-3-12T23:02:47+06:015",South Asia,j traditional biomass,2015,0.9768981999999999
1014,EJ,"GCAM_SSP2,date=2022-3-12T23:02:47+06:015",South Asia,j traditional biomass,2020,0.9730325
1015,EJ,"GCAM_SSP2,date=2022-3-12T23:02:47+06:015",South Asia,j traditional biomass,2025,0.9550817
1016,EJ,"GCAM_SSP2,date=2022-3-12T23:02:47+06:015",South Asia,j traditional biomass,2030,0.8896294
1017,EJ,"GCAM_SSP2,date=2022-3-12T23:02:47+06:015",South Asia,j traditional biomass,2035,0.8334415000000001
1018,EJ,"GCAM_SSP2,date=2022-3-12T23:02:47+06:015",South Asia,j traditional biomass,2040,0.7741049
1019,EJ,"GCAM_SSP2,date=2022-3-12T23:02:47+06:015",South Asia,j traditional biomass,2045,0.7023442999999999
1020,EJ,"GCAM_SSP2,date=2022-3-12T23:02:47+06:015",South Asia,j traditional biomass,2050,0.6335416
1021,EJ,"GCAM_SSP2,date=2022-3-12T23:02:47+06:015",South Asia,j traditional biomass,2055,0.5570072
1022,EJ,"GCAM_SSP2,date=2022-3-12T23:02:47+06:015",South Asia,j traditional biomass,2060,0.4758849
1023,EJ,"GCAM_SSP2,date=2022-3-12T23:02:47+06:015",South Asia,j traditional biomass,2065,0.40348209999999995
1024,EJ,"GCAM_SSP2,date=2022-3-12T23:02:47+06:015",South Asia,j traditional biomass,2070,0.3370556
1025,EJ,"GCAM_SSP2,date=2022-3-12T23:02:47+06:015",South Asia,j traditional biomass,2075,0.2745348
1026,EJ,"GCAM_SSP2,date=2022-3-12T23:02:47+06:015",South Asia,j traditional biomass,2080,0.2205221
1027,EJ,"GCAM_SSP2,date=2022-3-12T23:02:47+06:015",South Asia,j traditional biomass,2085,0.1736033
1028,EJ,"GCAM_SSP2,date=2022-3-12T23:02:47+06:015",South Asia,j traditional biomass,2090,0.1342173
1029,EJ,"GCAM_SSP2,date=2022-3-12T23:02:47+06:015",South Asia,j traditional biomass,2095,0.1025128
1030,EJ,"GCAM_SSP2,date=2022-3-12T23:02:47+06:015",South Asia,j traditional biomass,2100,0.07757527
